id;status;display_name;legal_name;description;director_title;director_name;legal_address;registration_date;charter_capital;inn;ogrn;revenue;revenue_growth;category;category_parent;rbc_profile_url;source_url;source_page
1;Действует;АНО «ГЕЛЕНДЖИК-2035»;АВТОНОМНАЯ НЕКОММЕРЧЕСКАЯ ОРГАНИЗАЦИЯ «КОРПОРАЦИЯ РАЗВИТИЯ «ГЕЛЕНДЖИК-2035»;;Исполнительный Директор;Дьякова Дарья Александровна;край Краснодарский, г.о. Город-Курорт Геленджик, г. Геленджик, пр-кт Геленджикский, д. 171;29.06.2018;—;2304073420;1182375055422;64 338 000,0 ₽;—;Развлекательная деятельность;Спорт, отдых и развлечения;https://companies.rbc.ru/search/?query=2304073420;https://companies.rbc.ru/category/751-razvlekatelnaya_deyatelnost/;1
2;Действует;PANORAMA360;ОБЩЕСТВО С ОГРАНИЧЕННОЙ ОТВЕТСТВЕННОСТЬЮ «СП-КАПИТАЛ»;Смотровая площадка PANORAMA360.;Генеральный Директор;Шакарян Артур Норикович;г. Москва, вн.тер. г. Муниципальный округ Пресненский, наб. Пресненская, д. 12, помещ. 1/89;07.06.2017;500 000,0 ₽;7703428522;1177746563576;462 272 000,0 ₽;15,13%;Развлекательная деятельность;Спорт, отдых и развлечения;https://companies.rbc.ru/search/?query=7703428522;https://companies.rbc.ru/category/751-razvlekatelnaya_deyatelnost/;1
3;Действует;iMARUSSIA!;ОБЩЕСТВО С ОГРАНИЧЕННОЙ ОТВЕТСТВЕННОСТЬЮ «АЙ, МАРУСЯ!»;iMARUSSIA! — российская экспертная команда в индустрии организации событий и маркетинга.;Генеральный Директор;Савелюк Антон Игоревич;г. Санкт-Петербург, вн.тер. г. Муниципальный округ Академическое, пр-кт Тихорецкий, д. 17, лит Б, офис 11;28.11.2013;33 333,0 ₽;7801617503;1137847461487;78 728 000,0 ₽;148,24%;Развлекательная деятельность;Спорт, отдых и развлечения;https://companies.rbc.ru/search/?query=7801617503;https://companies.rbc.ru/category/751-razvlekatelnaya_deyatelnost/;1
4;Действует;Sobytie Communications;ОБЩЕСТВО С ОГРАНИЧЕННОЙ ОТВЕТСТВЕННОСТЬЮ «КОММУНИКАЦИОННАЯ ГРУППА СОБЫТИЕ»;;Генеральный Директор;Стручков Михаил Валерьевич;г. Москва, вн.тер.г. Муниципальный округ Алексеевский, б-р Ракетный, д. 16, помещ. 38;28.02.2007;10 000,0 ₽;7717582845;1077746718851;570 997 000,0 ₽;56,25%;Развлекательная деятельность;Спорт, отдых и развлечения;https://companies.rbc.ru/search/?query=7717582845;https://companies.rbc.ru/category/751-razvlekatelnaya_deyatelnost/;1
5;Действует;5 ЗВЁЗД;ОБЩЕСТВО С ОГРАНИЧЕННОЙ ОТВЕТСТВЕННОСТЬЮ «МЫ 5 ЗВЕЗД»;Агентство «5 ЗВЕЗД» — эксперт в деловых мероприятиях: помогаем бизнесу выстраивать коммуникации, усиливать бренд и решать HR-задачи.;Генеральный Директор;Продувалов Игорь Николаевич;г. Москва, вн.тер.г. Муниципальный округ Косино-Ухтомский, ул. Руднёвка, д. 4, помещ. IV, ком.,рм 1,5/3;21.03.2016;100 000,0 ₽;9710009082;1167746280536;308 364 000,0 ₽;-29,40%;Развлекательная деятельность;Спорт, отдых и развлечения;https://companies.rbc.ru/search/?query=9710009082;https://companies.rbc.ru/category/751-razvlekatelnaya_deyatelnost/;1
6;Действует;ООО «ОРГКОМИТЕТ СТРОИТЕЛЬ»;Общество с ограниченной ответственностью «ОРГКОМИТЕТ СТРОИТЕЛЬ»;;Директор;Трапезников Вячеслав Анатольевич;Свердловская обл., г. Екатеринбург, ул. Бориса Ельцина, стр 1А, оф. 10.5;18.02.2014;10 000,0 ₽;6658450360;1146658001753;431 710 000,0 ₽;66,98%;Развлекательная деятельность;Спорт, отдых и развлечения;https://companies.rbc.ru/search/?query=6658450360;https://companies.rbc.ru/category/751-razvlekatelnaya_deyatelnost/;1
7;Действует;ООО «ЛБС Международные конференции»;Общество с ограниченной ответственностью «ЛБС Международные конференции»;;Генеральный Директор;Лебедев Роберт;г. Москва, вн.тер.г. муниципальный округ Басманный, ул. Покровка, д. 43, стр. 2;24.04.2009;12 500,0 ₽;7701836822;1097746246311;44 316 000,0 ₽;18,12%;Развлекательная деятельность;Спорт, отдых и развлечения;https://companies.rbc.ru/search/?query=7701836822;https://companies.rbc.ru/category/751-razvlekatelnaya_deyatelnost/;1
8;Действует;Secret Point;ОБЩЕСТВО С ОГРАНИЧЕННОЙ ОТВЕТСТВЕННОСТЬЮ «СИКРЕТ ПОИНТ»;Агентство Secret Point является частью независимой группы компаний ADWISE, оказывающее услуги в области событийного маркетинга.;Генеральный Директор;Шаталов Алексей Викторович;г. Москва, вн.тер.г. Муниципальный округ Хорошево-Мневники, пр-кт Маршала Жукова, д. 2, к. 2, этаж 5, помещение 509/2;02.03.2018;20 000,0 ₽;9710051140;1187746230143;133 396 000,0 ₽;25,75%;Развлекательная деятельность;Спорт, отдых и развлечения;https://companies.rbc.ru/search/?query=9710051140;https://companies.rbc.ru/category/751-razvlekatelnaya_deyatelnost/;1
9;Действует;«Новые Горизонты»;ОБЩЕСТВО С ОГРАНИЧЕННОЙ ОТВЕТСТВЕННОСТЬЮ «НОВЫЕ ГОРИЗОНТЫ»;Разработка стратегии и медиа-отношений (PR полного цикла), реализации на местах (BTL), организации работы со СМИ и блогерами.;Генеральный Директор;Мясникова Елена Александровна;г. Москва, вн.тер. г. Муниципальный округ Красносельский, пер. Орликов, д. 8, кв. 34;22.03.2016;10 000,0 ₽;9705063126;1167746286498;3 810 000,0 ₽;-6,16%;Развлекательная деятельность;Спорт, отдых и развлечения;https://companies.rbc.ru/search/?query=9705063126;https://companies.rbc.ru/category/751-razvlekatelnaya_deyatelnost/;1
10;Действует;ООО «Полак Групп»;Общество с ограниченной ответственностью «Полак Групп»;;Генеральный Директор;Поляков Роман Александрович;г. Санкт-Петербург, вн.тер.г. Муниципальный округ Чкаловское, ул. Красного Курсанта, д. 31, стр. 1;28.11.2011;10 000,0 ₽;7842464831;1117847527820;376 846 000,0 ₽;58,38%;Развлекательная деятельность;Спорт, отдых и развлечения;https://companies.rbc.ru/search/?query=7842464831;https://companies.rbc.ru/category/751-razvlekatelnaya_deyatelnost/;1
11;Действует;ООО «АКАДЕМИЯ»;ОБЩЕСТВО С ОГРАНИЧЕННОЙ ОТВЕТСТВЕННОСТЬЮ «АКАДЕМИЯ»;;Генеральный Директор;Титов Николай Александрович;г. Москва, вн.тер.г. Поселение Московский, км 22-Й, д. 4, стр. 2, помещ. 1;15.01.2020;55 000,0 ₽;7730255558;1207700005810;64 427 000,0 ₽;27,69%;Развлекательная деятельность;Спорт, отдых и развлечения;https://companies.rbc.ru/search/?query=7730255558;https://companies.rbc.ru/category/751-razvlekatelnaya_deyatelnost/;1
12;Действует;ООО «АМГ МЕНЕДЖМЕНТ»;ОБЩЕСТВО С ОГРАНИЧЕННОЙ ОТВЕТСТВЕННОСТЬЮ «АМГ МЕНЕДЖМЕНТ»;;Генеральный Директор;Савелюк Антон Игоревич;г. Санкт-Петербург, вн.тер. г. Муниципальный округ Звездное, пр-кт Дунайский, д. 7, к. 7, кв. 151;25.10.2019;100 000,0 ₽;7814767577;1197847213497;14 637 000,0 ₽;-76,91%;Развлекательная деятельность;Спорт, отдых и развлечения;https://companies.rbc.ru/search/?query=7814767577;https://companies.rbc.ru/category/751-razvlekatelnaya_deyatelnost/;1
13;Действует;ООО «МАСТЕРПИС ПРОДАКШН»;ОБЩЕСТВО С ОГРАНИЧЕННОЙ ОТВЕТСТВЕННОСТЬЮ «МАСТЕРПИС ПРОДАКШН»;;Директор;Кунгурова Екатерина Андреевна;край Алтайский, г. Барнаул, пр-д 9 Мая, д. 9, кв. 57;07.03.2014;10 000,0 ₽;2224165436;1142224001226;8 841 000,0 ₽;36,25%;Развлекательная деятельность;Спорт, отдых и развлечения;https://companies.rbc.ru/search/?query=2224165436;https://companies.rbc.ru/category/751-razvlekatelnaya_deyatelnost/;1
14;Есть решение ФНС о ликвидации;ООО «ПРОЕКТ ИГРА»;ОБЩЕСТВО С ОГРАНИЧЕННОЙ ОТВЕТСТВЕННОСТЬЮ «ПРОЕКТ ИГРА»;;Генеральный Директор;Королевский Аркадий Сергеевич;г. Санкт-Петербург, вн.тер. г. Муниципальный округ Владимирский округ, пр-кт Владимирский, д. 19, лит А, помещ. 80;03.12.2019;10 000,0 ₽;7840090669;1197847238027;5 569 000,0 ₽;189,90%;Развлекательная деятельность;Спорт, отдых и развлечения;https://companies.rbc.ru/search/?query=7840090669;https://companies.rbc.ru/category/751-razvlekatelnaya_deyatelnost/;1
15;Действует;ООО «ГАСТРОНОМИК ПЛЕЙС»;ОБЩЕСТВО С ОГРАНИЧЕННОЙ ОТВЕТСТВЕННОСТЬЮ «ГАСТРОНОМИК ПЛЕЙС»;;Директор;Стришка-Федотова Илона Юрьевна;обл. Московская, г. Балашиха, ул. Пионерская, д. 1, кв. 87;21.12.2020;12 000,0 ₽;5012103881;1205000116650;0,0 ₽;—;Развлекательная деятельность;Спорт, отдых и развлечения;https://companies.rbc.ru/search/?query=5012103881;https://companies.rbc.ru/category/751-razvlekatelnaya_deyatelnost/;1
16;Действует;ООО «ОРГАНИЗАТОР»;ОБЩЕСТВО С ОГРАНИЧЕННОЙ ОТВЕТСТВЕННОСТЬЮ «ОРГАНИЗАТОР»;"Мы — компания по организации и техническому обеспечению спортивных и праздничных мероприятий ""под ключ"".";Директор;Горшкова Оксана Владимировна;обл. Свердловская, г. Екатеринбург, ул. Ткачей, д. 23, офис 618;20.02.2017;1 010 000,0 ₽;6685127535;1176658016996;178 944 000,0 ₽;66,48%;Развлекательная деятельность;Спорт, отдых и развлечения;https://companies.rbc.ru/search/?query=6685127535;https://companies.rbc.ru/category/751-razvlekatelnaya_deyatelnost/;1
17;Действует;ООО «ТРИУМФ АРТ»;ОБЩЕСТВО С ОГРАНИЧЕННОЙ ОТВЕТСТВЕННОСТЬЮ «ТРИУМФ АРТ»;ПРОДЮСЕРСКИЙ ЦЕНТР «ТРИУМФ» — ведущий в России постановщик и популяризатор семейных и детских мюзиклов.;Генеральный Директор;Пеганов Алексей Павлович;г. Москва, вн.тер.г. Муниципальный округ Даниловский, ул. Ленинская Слобода, д. 19, помещ. 62/1;11.07.2017;20 000,0 ₽;9705102865;1177746688272;96 597 000,0 ₽;-21,04%;Развлекательная деятельность;Спорт, отдых и развлечения;https://companies.rbc.ru/search/?query=9705102865;https://companies.rbc.ru/category/751-razvlekatelnaya_deyatelnost/;1
18;Действует;ООО ПРОДЮСЕРСКИЙ ЦЕНТР «АЛЕКСАНДР ГРИГОРАШ»;ОБЩЕСТВО С ОГРАНИЧЕННОЙ ОТВЕТСТВЕННОСТЬЮ ПРОДЮСЕРСКИЙ ЦЕНТР «АЛЕКСАНДР ГРИГОРАШ»;Мы - сплоченная команда профессионалов, обладающая большим опытом более 10 лет на рынке организации концертных, корпоративных и частных мероприятий.;Генеральный Директор;Григораш Александр Михайлович;г. Москва, вн.тер.г. Муниципальный округ Бутырский, ул. Складочная, д. 1, стр. 15, офис 609;02.10.2013;20 000,0 ₽;7730694040;1137746903656;72 159 000,0 ₽;61,90%;Развлекательная деятельность;Спорт, отдых и развлечения;https://companies.rbc.ru/search/?query=7730694040;https://companies.rbc.ru/category/751-razvlekatelnaya_deyatelnost/;1
19;Действует;ООО «МАКС ТЕРЕШКИН»;ОБЩЕСТВО С ОГРАНИЧЕННОЙ ОТВЕТСТВЕННОСТЬЮ «МАКС ТЕРЕШКИН»;;Генеральный Директор;Терешкин Максим Алексеевич;обл. Московская, г.о. Пушкинский, г. Пушкино, ул. Островского, д. 20а, кв. 37;17.05.2021;10 000,0 ₽;5038158638;1215000050165;1 350 000,0 ₽;—;Развлекательная деятельность;Спорт, отдых и развлечения;https://companies.rbc.ru/search/?query=5038158638;https://companies.rbc.ru/category/751-razvlekatelnaya_deyatelnost/;1
20;Действует;ООО «АЭРП»;Общество с ограниченной ответственностью «Агентство экономического развития и предпринимательства»;;Генеральный Директор;Елагин Александр Николаевич;г. Москва, вн.тер.г. Муниципальный округ Измайлово, ул. Верхняя Первомайская, д. 49, к. 1, этаж 4 пом. 1, ком. 1;25.02.2013;10 000,0 ₽;7702809532;1137746159781;182 244 000,0 ₽;593,13%;Развлекательная деятельность;Спорт, отдых и развлечения;https://companies.rbc.ru/search/?query=7702809532;https://companies.rbc.ru/category/751-razvlekatelnaya_deyatelnost/;1
21;Действует;ООО «РИКИС»;ОБЩЕСТВО С ОГРАНИЧЕННОЙ ОТВЕТСТВЕННОСТЬЮ «РИКИС»;;Генеральный Директор;Семинова Кристина Викторовна;край Краснодарский, м.р-н Белореченский, г. Белореченск, ул. Интернациональная, д. 30, помещ. 15/1;31.05.2018;50 000,0 ₽;2368010296;1182375044697;134 397 000,0 ₽;65,90%;Развлекательная деятельность;Спорт, отдых и развлечения;https://companies.rbc.ru/search/?query=2368010296;https://companies.rbc.ru/category/751-razvlekatelnaya_deyatelnost/;1
22;Действует;ООО «ЗОЛОТОЙ СЦЕНАРИЙ»;ОБЩЕСТВО С ОГРАНИЧЕННОЙ ОТВЕТСТВЕННОСТЬЮ «ЗОЛОТОЙ СЦЕНАРИЙ»;;Генеральный Директор;Рябов Александр Юрьевич;обл. Орловская, г. Орёл, ул. Салтыкова-Щедрина, д. 34, помещ. 12, ком. 334;15.11.2018;10 000,0 ₽;5752080080;1185749008280;68 199 000,0 ₽;-31,37%;Развлекательная деятельность;Спорт, отдых и развлечения;https://companies.rbc.ru/search/?query=5752080080;https://companies.rbc.ru/category/751-razvlekatelnaya_deyatelnost/;1
23;Действует;ООО «ПАЛАНТИР»;ОБЩЕСТВО С ОГРАНИЧЕННОЙ ОТВЕТСТВЕННОСТЬЮ «ПАЛАНТИР»;;Генеральный Директор;Шиханов Дмитрий Николаевич;г. Санкт-Петербург, вн.тер.г. муниципальный округ Дачное, пр-кт Ленинский, д. 114, литера А, кв. 877;12.05.2017;20 000,0 ₽;7805705454;1177847168421;1 282 000,0 ₽;3,97%;Развлекательная деятельность;Спорт, отдых и развлечения;https://companies.rbc.ru/search/?query=7805705454;https://companies.rbc.ru/category/751-razvlekatelnaya_deyatelnost/;1
24;Действует;АФБИ;АССОЦИАЦИЯ ПРЕДСТАВИТЕЛЕЙ ИНДУСТРИИ МОДЫ, СТИЛЯ И КРАСОТЫ «АФБИ»;Ассоциация «АФБИ» — создание качественных инфоповодов и проведение мероприятий, направленных на развитие и поддержку российских производителей.;Президент;Давыдова Ирина Александровна;г. Москва, вн.тер.г. Муниципальный округ Братеево, ул. Борисовские Пруды, д. 16, к. 1, кв. 163;07.08.2023;—;9724141130;1237700522927;0,0 ₽;—;Развлекательная деятельность;Спорт, отдых и развлечения;https://companies.rbc.ru/search/?query=9724141130;https://companies.rbc.ru/category/751-razvlekatelnaya_deyatelnost/;1
25;Действует;ООО «НЕВА ШОУ»;ОБЩЕСТВО С ОГРАНИЧЕННОЙ ОТВЕТСТВЕННОСТЬЮ «НЕВА ШОУ»;;Генеральный Директор;Малинин Вадим Викторович;г. Санкт-Петербург, вн.тер.г. муниципальный округ № 65, ул. Туристская, д. 20, к. 2, кв. 325;28.06.2018;10 000,0 ₽;7814733433;1187847185756;0,0 ₽;—;Развлекательная деятельность;Спорт, отдых и развлечения;https://companies.rbc.ru/search/?query=7814733433;https://companies.rbc.ru/category/751-razvlekatelnaya_deyatelnost/;1
26;Действует;ООО «ВИЛСОН»;ОБЩЕСТВО С ОГРАНИЧЕННОЙ ОТВЕТСТВЕННОСТЬЮ «ВИЛСОН ИНКОРПОРЕЙТЕД»;;Генеральный Директор;Вилсон Галина Григорьевна;г. Москва, вн.тер.г. Муниципальный округ Марьино, ул. Новомарьинская, д. 18, кв. 111;06.09.2021;11 000,0 ₽;9723123508;1217700416889;0,0 ₽;—;Развлекательная деятельность;Спорт, отдых и развлечения;https://companies.rbc.ru/search/?query=9723123508;https://companies.rbc.ru/category/751-razvlekatelnaya_deyatelnost/;1
27;Действует;ООО «БАЙКАЛОВ»;ОБЩЕСТВО С ОГРАНИЧЕННОЙ ОТВЕТСТВЕННОСТЬЮ «БАЙКАЛОВ»;;Директор;Казакевич Анатолий Александрович;обл. Иркутская, г. Иркутск, ул. Улан-Баторская, д. 2, помещ. 8;30.05.2014;11 000,0 ₽;3811179883;1143850021941;0,0 ₽;—;Развлекательная деятельность;Спорт, отдых и развлечения;https://companies.rbc.ru/search/?query=3811179883;https://companies.rbc.ru/category/751-razvlekatelnaya_deyatelnost/;1
28;Действует;ООО «ВИЗОЭКСПО»;ОБЩЕСТВО С ОГРАНИЧЕННОЙ ОТВЕТСТВЕННОСТЬЮ «ВИЗОЭКСПО»;Компания ООО «ВИЗОЭКСПО» организует участие в международных Российско-Иранских выставках.;Генеральный Директор;Наджаран Али;г. Москва, вн.тер.г. муниципальный округ Басманный, пер. Кривоколенный, д. 5, стр. 4, помещ. 19;12.05.2016;10 000,0 ₽;9701040061;1167746461706;0,0 ₽;—;Развлекательная деятельность;Спорт, отдых и развлечения;https://companies.rbc.ru/search/?query=9701040061;https://companies.rbc.ru/category/751-razvlekatelnaya_deyatelnost/;1
29;Есть решение ФНС о ликвидации;ООО «ВЕРСАЛЬ»;ОБЩЕСТВО С ОГРАНИЧЕННОЙ ОТВЕТСТВЕННОСТЬЮ «ВЕРСАЛЬ»;Посетители на час погружаются в эталонную темноту и изучают экспозицию с помощью обоняния, осязания, звуков и вкусов в сопровождении незрячего гида.;Генеральный Директор;Радюк Элизабет Эдуардовна;г. Москва, вн.тер. г. Муниципальный округ Даниловский, ул. Автозаводская, д. 18, помещ. с-034, помещ. с-034;11.12.2014;71 000,0 ₽;7729791427;1147748021233;0,0 ₽;—;Развлекательная деятельность;Спорт, отдых и развлечения;https://companies.rbc.ru/search/?query=7729791427;https://companies.rbc.ru/category/751-razvlekatelnaya_deyatelnost/;1
30;Действует;Агентство мероприятий ART EVENT;ОБЩЕСТВО С ОГРАНИЧЕННОЙ ОТВЕТСТВЕННОСТЬЮ «АРТ ИВЕНТ»;ART EVENT — 20 лет делаем события, которые работают на вас: точный сценарий, сильная команда, безупречное исполнение.;Генеральный Директор;Погосян Ашот Эдуардович;г. Москва, вн.тер.г. Муниципальный округ Нижегородский, ул. Нижегородская, д. 86, к. А, кв. 104;13.03.2014;12 000,0 ₽;7707828560;1147746270210;119 216 000,0 ₽;62,46%;Развлекательная деятельность;Спорт, отдых и развлечения;https://companies.rbc.ru/search/?query=7707828560;https://companies.rbc.ru/category/751-razvlekatelnaya_deyatelnost/;1
31;Действует;ООО «КЛАУСТРОФОБИЯ-В»;ОБЩЕСТВО С ОГРАНИЧЕННОЙ ОТВЕТСТВЕННОСТЬЮ «КЛАУСТРОФОБИЯ-В»;;Генеральный Директор;Роспускова Диана Дмитриевна;г. Москва, вн.тер. г. Муниципальный округ Северный, ш. Долгопрудненское, д. 3, этаж 3 помещ. IX, ком. 43;15.03.2021;10 000,0 ₽;9715398467;1217700113927;142 222 000,0 ₽;4,87%;Развлекательная деятельность;Спорт, отдых и развлечения;https://companies.rbc.ru/search/?query=9715398467;https://companies.rbc.ru/category/751-razvlekatelnaya_deyatelnost/;1
32;Действует;ООО «АРКЕЙН ГРУПП»;ОБЩЕСТВО С ОГРАНИЧЕННОЙ ОТВЕТСТВЕННОСТЬЮ «АРКЕЙН ГРУПП»;;Генеральный Директор;Бойко Кирилл Владимирович;г. Москва, вн.тер.г. муниципальный округ Тимирязевский, ш. Дмитровское, д. 29, к. 1, Э 1 пом I ком 59;05.07.2018;15 000,0 ₽;7713460170;1187746640509;41 214 000,0 ₽;77,12%;Развлекательная деятельность;Спорт, отдых и развлечения;https://companies.rbc.ru/search/?query=7713460170;https://companies.rbc.ru/category/751-razvlekatelnaya_deyatelnost/;1
33;Действует;ООО «Тин Медиа Тим»;Общество с ограниченной ответственностью «Тин Медиа Тим»;;Генеральный Директор;Попов Владимир Олегович;г. Москва, вн.тер.г. Муниципальный округ Таганский, ул. Нижегородская, д. 32, стр. 16, этаж/офис 7/715;14.10.2004;10 000,0 ₽;7726511463;1047796774035;431 000,0 ₽;683,64%;Развлекательная деятельность;Спорт, отдых и развлечения;https://companies.rbc.ru/search/?query=7726511463;https://companies.rbc.ru/category/751-razvlekatelnaya_deyatelnost/;1
34;Ликвидирована;ООО «ЮНИОН БУКИНГ»;ОБЩЕСТВО С ОГРАНИЧЕННОЙ ОТВЕТСТВЕННОСТЬЮ «ЮНИОН БУКИНГ»;;Генеральный Директор;Платонов Николай Геннадьевич;обл. Брянская, г. Клинцы, ул. Ворошилова, д. 32, кв. 43, ком. 43;20.09.2019;10 000,0 ₽;3241017084;1193256006899;0,0 ₽;—;Развлекательная деятельность;Спорт, отдых и развлечения;https://companies.rbc.ru/search/?query=3241017084;https://companies.rbc.ru/category/751-razvlekatelnaya_deyatelnost/;1
35;Действует;ООО «ЧЕРНИКА»;ОБЩЕСТВО С ОГРАНИЧЕННОЙ ОТВЕТСТВЕННОСТЬЮ «ЧЕРНИКА»;;Директор;Кузнецов Анатолий Сергеевич;обл. Архангельская, г. Архангельск, ул. Розы Люксембург, д. 72, к. 1, кв. 9;08.11.2021;10 000,0 ₽;2901307714;1212900007011;9 733 948 000,0 ₽;290032,58%;Развлекательная деятельность;Спорт, отдых и развлечения;https://companies.rbc.ru/search/?query=2901307714;https://companies.rbc.ru/category/751-razvlekatelnaya_deyatelnost/;1
36;Действует;ООО «СТАВСТАЛЬ»;ОБЩЕСТВО С ОГРАНИЧЕННОЙ ОТВЕТСТВЕННОСТЬЮ «СТАВСТАЛЬ»;;Генеральный Директор;Павленко Родион Святославич;край Ставропольский, г. Невинномысск, ул. Низяева, д. 1р, этаж 3, ком. 35;06.03.2019;10 000,0 ₽;2631039613;1192651004567;9 227 535 000,0 ₽;-33,49%;Развлекательная деятельность;Спорт, отдых и развлечения;https://companies.rbc.ru/search/?query=2631039613;https://companies.rbc.ru/category/751-razvlekatelnaya_deyatelnost/;1
37;Действует;АО «СОЧИ-ПАРК»;АКЦИОНЕРНОЕ ОБЩЕСТВО «СОЧИ-ПАРК»;;Генеральный Директор;Григоренко Геннадий Владимирович;край Краснодарский, пгт. Сириус, ул. Чемпионов, д. 3, офис 230;10.11.2006;12 073 044 600,0 ₽;2310119472;1062310038944;7 095 949 000,0 ₽;16,94%;Развлекательная деятельность;Спорт, отдых и развлечения;https://companies.rbc.ru/search/?query=2310119472;https://companies.rbc.ru/category/751-razvlekatelnaya_deyatelnost/;1
38;Действует;АО «РЕГИОНЫ-ЭНТЕРТЕЙНМЕНТ»;АКЦИОНЕРНОЕ ОБЩЕСТВО «РЕГИОНЫ-ЭНТЕРТЕЙНМЕНТ»;;Генеральный Директор;Кондратьев Михаил Юрьевич;г. Москва, вн.тер. г. Муниципальный округ Нагатинский Затон, пр-кт Андропова, д. 1, этаж 4, помещ. 31;19.02.2013;1 000 000,0 ₽;7708782870;1137746139640;6 720 308 000,0 ₽;15,99%;Развлекательная деятельность;Спорт, отдых и развлечения;https://companies.rbc.ru/search/?query=7708782870;https://companies.rbc.ru/category/751-razvlekatelnaya_deyatelnost/;1
39;Действует;ООО «АГЕНТСТВО СТРУКТУРА»;ОБЩЕСТВО С ОГРАНИЧЕННОЙ ОТВЕТСТВЕННОСТЬЮ «АГЕНТСТВО СТРУКТУРА»;;Генеральный Директор;Калитин Михаил Владимирович;г. Москва, вн.тер.г. Муниципальный округ Академический, ул. Шверника, д. 18, к. 1, помещ. 3п;26.08.2016;30 000,0 ₽;7702405392;1167746805786;3 932 420 000,0 ₽;324,73%;Развлекательная деятельность;Спорт, отдых и развлечения;https://companies.rbc.ru/search/?query=7702405392;https://companies.rbc.ru/category/751-razvlekatelnaya_deyatelnost/;1
40;Действует;ООО «Тирвас»;Общество с ограниченной ответственностью «Тирвас»;;Генеральный Директор;Симаков Герман Александрович;обл. Мурманская, г. Кировск, ул. Ботанический Сад, д. 29;18.05.2012;3 143 187 971,0 ₽;5103300037;1125118000336;2 924 922 000,0 ₽;27,37%;Развлекательная деятельность;Спорт, отдых и развлечения;https://companies.rbc.ru/search/?query=5103300037;https://companies.rbc.ru/category/751-razvlekatelnaya_deyatelnost/;1
41;Действует;ЧУК «ПКиО «Северная Венеция»;Частное учреждение культуры «Парк культуры и отдыха «Северная Венеция»;;Директор;Сидоренко Анастасия Михайловна;г. Санкт-Петербург, вн.тер. г. муниципальный округ Чкаловское, пр-кт Крестовский, д. 21;12.02.2001;—;7813143287;1037828032131;2 052 415 000,0 ₽;16,50%;Развлекательная деятельность;Спорт, отдых и развлечения;https://companies.rbc.ru/search/?query=7813143287;https://companies.rbc.ru/category/751-razvlekatelnaya_deyatelnost/;1
42;Действует;ООО «Флагман»;Общество с ограниченной ответственностью «Флагман»;;Директор;Кузнецов Дмитрий Владимирович;край Хабаровский, рп. Солнечный, 4230 М К Западу От здания ПУ-34, ГЛК Холдоми;18.03.2004;10 000,0 ₽;2703025700;1042700022562;1 924 715 000,0 ₽;1,49%;Развлекательная деятельность;Спорт, отдых и развлечения;https://companies.rbc.ru/search/?query=2703025700;https://companies.rbc.ru/category/751-razvlekatelnaya_deyatelnost/;1
43;Действует;ООО «ТК»;ОБЩЕСТВО С ОГРАНИЧЕННОЙ ОТВЕТСТВЕННОСТЬЮ «ТЕРМАЛЬНЫЙ КУРОРТ»;;Генеральный Директор;Васильева Ирина Рашитовна;обл. Тюменская, г. Тюмень, ул. Щербакова, д. 87;08.11.2017;100 000,0 ₽;7203434214;1177232032394;1 922 062 000,0 ₽;15,50%;Развлекательная деятельность;Спорт, отдых и развлечения;https://companies.rbc.ru/search/?query=7203434214;https://companies.rbc.ru/category/751-razvlekatelnaya_deyatelnost/;1
44;Действует;АО «Е.Т.С.»;АКЦИОНЕРНОЕ ОБЩЕСТВО «ЕВРОПЕЙСКИЕ ТЕХНОЛОГИИ И СЕРВИС»;;Директор;Бердочкин Арман Витальевич;г. Москва, вн.тер. г. муниципальный округ Ясенево, ул. Голубинская, д. 16;20.09.1994;570 006 150,0 ₽;7711065368;1027739444754;1 888 072 000,0 ₽;18,73%;Развлекательная деятельность;Спорт, отдых и развлечения;https://companies.rbc.ru/search/?query=7711065368;https://companies.rbc.ru/category/751-razvlekatelnaya_deyatelnost/;1
45;Действует;ООО «Биг Скрин Шоу»;Общество с ограниченной ответственностью «Биг Скрин Шоу»;;Генеральный Директор;Пономарев Виктор Базырович;г. Москва, вн.тер.г. Муниципальный округ Нижегородский, пр-д Перовский, д. 4, стр. 4;10.06.2010;20 000,0 ₽;7722719936;1107746477134;1 779 157 000,0 ₽;31,35%;Развлекательная деятельность;Спорт, отдых и развлечения;https://companies.rbc.ru/search/?query=7722719936;https://companies.rbc.ru/category/751-razvlekatelnaya_deyatelnost/;1
46;Действует;ООО «ПАРК СКАЗКА»;ОБЩЕСТВО С ОГРАНИЧЕННОЙ ОТВЕТСТВЕННОСТЬЮ «ПАРК СКАЗКА»;;Генеральный Директор;Кунов Андрей Владимирович;г. Москва, вн.тер.г. Муниципальный округ Можайский, ул. Кутузова, д. 11, к. 3, помещ. 2ц;07.12.2016;10 000,0 ₽;7743185160;5167746421519;1 680 748 000,0 ₽;33,55%;Развлекательная деятельность;Спорт, отдых и развлечения;https://companies.rbc.ru/search/?query=7743185160;https://companies.rbc.ru/category/751-razvlekatelnaya_deyatelnost/;1
47;Действует;ООО «АРТ-ДВ»;ОБЩЕСТВО С ОГРАНИЧЕННОЙ ОТВЕТСТВЕННОСТЬЮ «АРТ-ДВ»;;Генеральный Директор;Селедцова Екатерина Сергеевна;край Приморский, м.о. Октябрьский, п. Дальневосточная МИС, ул. Рабочая, зд. 13а, офис 4;25.07.2017;10 000,0 ₽;2522003783;1172536027520;1 418 318 000,0 ₽;30,76%;Развлекательная деятельность;Спорт, отдых и развлечения;https://companies.rbc.ru/search/?query=2522003783;https://companies.rbc.ru/category/751-razvlekatelnaya_deyatelnost/;1
48;Действует;ООО «Аквапарк-Сувар»;Общество с ограниченной ответственностью «Аквапарк-Сувар»;;;;респ. Татарстан, г. Казань, ул. Фатыха Амирхана, д. 1;16.05.2007;300 000,0 ₽;1655137400;1071690031280;1 382 715 000,0 ₽;11,56%;Развлекательная деятельность;Спорт, отдых и развлечения;https://companies.rbc.ru/search/?query=1655137400;https://companies.rbc.ru/category/751-razvlekatelnaya_deyatelnost/;1
49;Действует;ООО УПРАВЛЯЮЩАЯ КОМПАНИЯ «КОЛЕСО ОБОЗРЕНИЯ»;ОБЩЕСТВО С ОГРАНИЧЕННОЙ ОТВЕТСТВЕННОСТЬЮ «УПРАВЛЯЮЩАЯ КОМПАНИЯ «КОЛЕСО ОБОЗРЕНИЯ»;;Генеральный Директор;Будницкий Ефим Георгиевич;г. Москва, вн.тер.г. Муниципальный округ Останкинский, ул. 2-Я Останкинская, д. 3;19.11.2021;10 000,0 ₽;7708400062;1217700556028;1 358 699 000,0 ₽;3,76%;Развлекательная деятельность;Спорт, отдых и развлечения;https://companies.rbc.ru/search/?query=7708400062;https://companies.rbc.ru/category/751-razvlekatelnaya_deyatelnost/;1
50;Действует;ООО «ЛИДЕР-СТРОЙ»;ОБЩЕСТВО С ОГРАНИЧЕННОЙ ОТВЕТСТВЕННОСТЬЮ «ЛИДЕР-СТРОЙ»;;Генеральный Директор;Алиев Башир Магомедович;респ. Ингушетия, г. Назрань, ул. Заводская, д. 16;03.09.2015;2 000 000,0 ₽;0608039298;1150608019297;1 340 999 000,0 ₽;316,78%;Развлекательная деятельность;Спорт, отдых и развлечения;https://companies.rbc.ru/search/?query=0608039298;https://companies.rbc.ru/category/751-razvlekatelnaya_deyatelnost/;1
51;Действует;ООО «Акватория развлечений»;Общество с ограниченной ответственностью «Акватория развлечений»;;Директор;Бордюгов Александр Васильевич;обл. Нижегородская, г. Нижний Новгород, пр-кт Гагарина, д. 35, к. 1, помещ. Усл.П4;30.03.2011;1 000 000,0 ₽;5262263285;1115262003933;1 275 096 000,0 ₽;14,64%;Развлекательная деятельность;Спорт, отдых и развлечения;https://companies.rbc.ru/search/?query=5262263285;https://companies.rbc.ru/category/751-razvlekatelnaya_deyatelnost/;1
52;Действует;ООО «СП ГРУПП»;ОБЩЕСТВО С ОГРАНИЧЕННОЙ ОТВЕТСТВЕННОСТЬЮ «СП ГРУПП»;;Генеральный Директор;Машкара Николай Владимирович;г. Москва, вн.тер. г. Муниципальный округ Красносельский, ул. Краснопрудная, д. 15, помещ. 3н/2;08.02.2019;20 000,0 ₽;7726447306;1197746084887;1 220 136 000,0 ₽;412,66%;Развлекательная деятельность;Спорт, отдых и развлечения;https://companies.rbc.ru/search/?query=7726447306;https://companies.rbc.ru/category/751-razvlekatelnaya_deyatelnost/;1
53;Действует;АО «РУБИН»;АКЦИОНЕРНОЕ ОБЩЕСТВО «РУБИН»;;Генеральный Директор;Сафронов Сергей Геннадьевич;г. Санкт-Петербург, вн.тер.г. муниципальный округ Семеновский, ул. Марата, д. 86, литера А;03.06.1992;48 726,0 ₽;7809002741;1027810270388;1 217 082 000,0 ₽;3,85%;Развлекательная деятельность;Спорт, отдых и развлечения;https://companies.rbc.ru/search/?query=7809002741;https://companies.rbc.ru/category/751-razvlekatelnaya_deyatelnost/;1
54;Действует;ООО «ПИТЕРЛЭНД АКВА-СПА»;ОБЩЕСТВО С ОГРАНИЧЕННОЙ ОТВЕТСТВЕННОСТЬЮ «ПИТЕРЛЭНД АКВА-СПА»;;Генеральный Директор;Крутиков Дмитрий Сергеевич;г. Санкт-Петербург, вн.тер.г. муниципальный округ № 65, пр-кт Приморский, д. 72, литера А, помещ. А1.03;27.05.2015;10 000,0 ₽;7814235445;1157847186221;1 078 014 000,0 ₽;18,80%;Развлекательная деятельность;Спорт, отдых и развлечения;https://companies.rbc.ru/search/?query=7814235445;https://companies.rbc.ru/category/751-razvlekatelnaya_deyatelnost/;1
55;Действует;ООО «ГАЛАНТИАНА»;ОБЩЕСТВО С ОГРАНИЧЕННОЙ ОТВЕТСТВЕННОСТЬЮ «ГАЛАНТИАНА»;;Генеральный Директор;Старцев Михаил Юрьевич;обл. Иркутская, г. Иркутск, ул. Советская, стр. 130, офис 302;02.03.2015;10 000,0 ₽;3849051770;1153850008344;1 072 981 000,0 ₽;408,63%;Развлекательная деятельность;Спорт, отдых и развлечения;https://companies.rbc.ru/search/?query=3849051770;https://companies.rbc.ru/category/751-razvlekatelnaya_deyatelnost/;1
56;Действует;ООО «ПИ ОУ ДИ ГРУПП»;ОБЩЕСТВО С ОГРАНИЧЕННОЙ ОТВЕТСТВЕННОСТЬЮ «ПИ ОУ ДИ ГРУПП»;;Генеральный Директор;Рыдзевская Ольга Александровна;г. Москва, вн.тер.г. муниципальный округ Бутырский, ул. Новодмитровская, д. 1, стр. 1, помещ. 3;26.03.2014;10 000,0 ₽;7714931520;1147746325341;962 948 000,0 ₽;41,15%;Развлекательная деятельность;Спорт, отдых и развлечения;https://companies.rbc.ru/search/?query=7714931520;https://companies.rbc.ru/category/751-razvlekatelnaya_deyatelnost/;1
57;Действует;ООО «ЗАМАНИЯ»;ОБЩЕСТВО С ОГРАНИЧЕННОЙ ОТВЕТСТВЕННОСТЬЮ «ЗАМАНИЯ»;;Генеральный Директор;Ковшаров Павел Александрович;г. Москва, вн.тер.г. Муниципальный округ Ховрино, ул. Смольная, д. 24д;05.12.2016;28 571,0 ₽;9715285760;5167746409364;929 915 000,0 ₽;7,39%;Развлекательная деятельность;Спорт, отдых и развлечения;https://companies.rbc.ru/search/?query=9715285760;https://companies.rbc.ru/category/751-razvlekatelnaya_deyatelnost/;1
58;Действует;ООО «ЭРВЕЗ»;ОБЩЕСТВО С ОГРАНИЧЕННОЙ ОТВЕТСТВЕННОСТЬЮ «ЭРВЕЗ»;;Генеральный Директор;Зонабенд Вероника Феликсовна;г. Москва, вн.тер.г. муниципальный округ Арбат, пер. Романов, д. 2, стр. 1, эт 2 пом I ком 3а;17.04.2019;100 000,0 ₽;7704488250;1197746270204;924 303 000,0 ₽;89,83%;Развлекательная деятельность;Спорт, отдых и развлечения;https://companies.rbc.ru/search/?query=7704488250;https://companies.rbc.ru/category/751-razvlekatelnaya_deyatelnost/;1
59;Действует;ООО «КИДБУРГ»;Общество с ограниченной ответственностью «КИДБУРГ»;;Генеральный Директор;Крылова Эльвира Борисовна;г. Санкт-Петербург, вн.тер.г. Муниципальный округ Гагаринское, пр-кт Космонавтов, д. 14, литера Б, помещ. 1-Н, помещ. Часть Помещения 131 Комната 1;28.07.2011;32 713 676,32 ₽;7802758313;1117847311383;877 606 000,0 ₽;9,74%;Развлекательная деятельность;Спорт, отдых и развлечения;https://companies.rbc.ru/search/?query=7802758313;https://companies.rbc.ru/category/751-razvlekatelnaya_deyatelnost/;1
60;Действует;ООО «КОНЦЕРТНЫЕ ПЛОЩАДКИ»;ОБЩЕСТВО С ОГРАНИЧЕННОЙ ОТВЕТСТВЕННОСТЬЮ «КОНЦЕРТНЫЕ ПЛОЩАДКИ»;;Генеральный Директор;Бесков Вадим Романович;г. Москва, вн.тер. г. Муниципальный округ Таганский, ул. Воронцовская, д. 1/3, стр. 2, помещ. 2 (2 этаж);09.03.2017;12 010 000,0 ₽;1655382786;1171690022162;847 997 000,0 ₽;40,73%;Развлекательная деятельность;Спорт, отдых и развлечения;https://companies.rbc.ru/search/?query=1655382786;https://companies.rbc.ru/category/751-razvlekatelnaya_deyatelnost/;1
61;Действует;ООО «Белая Сфера-Констракшн»;Общество с ограниченной ответственностью «Белая Сфера-Констракшн»;;Генеральный Директор;Кузнецов Виталий Валерьевич;г. Москва, вн.тер. г. Муниципальный округ Пресненский, ул. Малая Грузинская, д. 28, этаж 14, помещ. V/ком. 14/офис 74;20.05.2011;100 000,0 ₽;7714840640;1117746396976;805 444 000,0 ₽;4,46%;Развлекательная деятельность;Спорт, отдых и развлечения;https://companies.rbc.ru/search/?query=7714840640;https://companies.rbc.ru/category/751-razvlekatelnaya_deyatelnost/;1
62;Действует;ООО «ТУР»;ОБЩЕСТВО С ОГРАНИЧЕННОЙ ОТВЕТСТВЕННОСТЬЮ «ТУР»;;Генеральный Директор;Юсупов Динар Илдарович;респ. Башкортостан, г. Уфа, ул. Рихарда Зорге, д. 61/1, помещ. 7;26.02.2019;10 000,0 ₽;0275917546;1190280014385;787 974 000,0 ₽;6,08%;Развлекательная деятельность;Спорт, отдых и развлечения;https://companies.rbc.ru/search/?query=0275917546;https://companies.rbc.ru/category/751-razvlekatelnaya_deyatelnost/;1
63;Действует;ООО «ИНТЕР ПАРК»;ОБЩЕСТВО С ОГРАНИЧЕННОЙ ОТВЕТСТВЕННОСТЬЮ «ИНТЕР ПАРК»;;Генеральный Директор;Веретенников Иван Владимирович;обл. Рязанская, м.р-н Рязанский, с. Поляны, ул. Жемчужная, д. 1;09.04.2004;15 000,0 ₽;6230050110;1046213003440;762 397 000,0 ₽;22,06%;Развлекательная деятельность;Спорт, отдых и развлечения;https://companies.rbc.ru/search/?query=6230050110;https://companies.rbc.ru/category/751-razvlekatelnaya_deyatelnost/;1
64;Действует;ООО «Славтэк-Юг»;Общество с ограниченной ответственностью «Славтэк-Юг»;;Генеральный Директор;Лелькова Виктория Валерьевна;край Краснодарский, г. Геленджик, ул. Туристическая, д. 23;03.01.2002;11 610 000,0 ₽;2330028657;1022303618545;730 626 000,0 ₽;18,64%;Развлекательная деятельность;Спорт, отдых и развлечения;https://companies.rbc.ru/search/?query=2330028657;https://companies.rbc.ru/category/751-razvlekatelnaya_deyatelnost/;1
65;Действует;ООО «ВОК ГОРИЗОНТ»;ОБЩЕСТВО С ОГРАНИЧЕННОЙ ОТВЕТСТВЕННОСТЬЮ «ВОДНО-ОЗДОРОВИТЕЛЬНЫЙ КОМПЛЕКС «ГОРИЗОНТ»;;Генеральный Директор;Загоруйко Александр Владимирович;Ростовская обл., г. Ростов-на-Дону, пр-кт. Михаила Нагибина, зд. 34, офис. 46;30.09.2019;887 127 983,0 ₽;6161089219;1196196039896;726 895 000,0 ₽;8,15%;Развлекательная деятельность;Спорт, отдых и развлечения;https://companies.rbc.ru/search/?query=6161089219;https://companies.rbc.ru/category/751-razvlekatelnaya_deyatelnost/;1
66;Действует;ООО «МЕНС ГРУП»;ОБЩЕСТВО С ОГРАНИЧЕННОЙ ОТВЕТСТВЕННОСТЬЮ «МЕНС ГРУП»;;Генеральный Директор;Клюев Андрей Игоревич;г. Москва, вн.тер. г. Муниципальный округ Таганский, пер. Шелапутинский, д. 1, помещ. 1н;06.11.2013;25 000,0 ₽;7724897300;5137746040152;720 920 000,0 ₽;168,11%;Развлекательная деятельность;Спорт, отдых и развлечения;https://companies.rbc.ru/search/?query=7724897300;https://companies.rbc.ru/category/751-razvlekatelnaya_deyatelnost/;1
67;Действует;ООО «Мечтариум»;Общество с ограниченной ответственностью «Мечтариум»;;Генеральный Директор;Загубина Юлия Юрьевна;г. Москва, вн.тер.г. муниципальный округ Хорошевский, б-р Ходынский, д. 4, эт 6 пом 4002.2.210;17.08.2010;20 000,0 ₽;7728745594;1107746648250;703 130 000,0 ₽;4,40%;Развлекательная деятельность;Спорт, отдых и развлечения;https://companies.rbc.ru/search/?query=7728745594;https://companies.rbc.ru/category/751-razvlekatelnaya_deyatelnost/;1
68;Действует;ООО «СИА»;ОБЩЕСТВО С ОГРАНИЧЕННОЙ ОТВЕТСТВЕННОСТЬЮ «СИА ГРУПП»;;Генеральный Директор;Дооран Кызы Нуриза;г. Москва, вн.тер. г. Муниципальный округ Очаково-Матвеевское, ш. Очаковское, д. 28, стр. 2, помещ. 8а/3/3;07.04.2014;10 000,0 ₽;7717781223;1147746382332;674 930 000,0 ₽;—;Развлекательная деятельность;Спорт, отдых и развлечения;https://companies.rbc.ru/search/?query=7717781223;https://companies.rbc.ru/category/751-razvlekatelnaya_deyatelnost/;1
69;Действует;ООО «КЛЕВЕР ФАН»;ОБЩЕСТВО С ОГРАНИЧЕННОЙ ОТВЕТСТВЕННОСТЬЮ «КЛЕВЕР ФАН»;;Генеральный Директор;Дударев Сергей Владимирович;обл. Новосибирская, г. Бердск, ул. Автолюбителей, д. 12;20.10.2015;12 500,0 ₽;5445020459;1155476112626;674 212 000,0 ₽;—;Развлекательная деятельность;Спорт, отдых и развлечения;https://companies.rbc.ru/search/?query=5445020459;https://companies.rbc.ru/category/751-razvlekatelnaya_deyatelnost/;1
70;Действует;ООО «ЛАДЭКСПО»;ОБЩЕСТВО С ОГРАНИЧЕННОЙ ОТВЕТСТВЕННОСТЬЮ «ЛАДЭКСПО»;;Генеральный Директор;Чернышев Алексей Валентинович;г. Москва, вн.тер.г. Муниципальный округ Таганский, пер. Большой Дровяной, д. 20, стр. 2, этаж 3, ком. 1-5;09.04.2015;11 000,0 ₽;7717285345;1157746323558;672 963 000,0 ₽;26,62%;Развлекательная деятельность;Спорт, отдых и развлечения;https://companies.rbc.ru/search/?query=7717285345;https://companies.rbc.ru/category/751-razvlekatelnaya_deyatelnost/;1
71;Действует;ООО «ГПКиО»;Общество с ограниченной ответственностью «Городской парк культуры и отдыха»;;Генеральный Директор;Тагиров Альберт Камилевич;обл. Тюменская, г. Тюмень, ул. Холодильная, д. 83;03.04.2003;3 472 600,0 ₽;7202115021;1037200596124;664 942 000,0 ₽;44,94%;Развлекательная деятельность;Спорт, отдых и развлечения;https://companies.rbc.ru/search/?query=7202115021;https://companies.rbc.ru/category/751-razvlekatelnaya_deyatelnost/;1
72;Действует;ООО «АЭРОБРАШ Медиа»;Общество с ограниченной ответственностью «АЭРОБРАШ Медиа»;;Генеральный Директор;Шилкина Татьяна Дмитриевна;г. Москва, вн.тер. г. Муниципальный округ Лефортово, пр-д 1-Й Краснокурсантский, д. 5/7, помещ. 6в/2п;18.03.2008;15 000,0 ₽;7743683590;1087746370084;646 321 000,0 ₽;—;Развлекательная деятельность;Спорт, отдых и развлечения;https://companies.rbc.ru/search/?query=7743683590;https://companies.rbc.ru/category/751-razvlekatelnaya_deyatelnost/;1
73;Действует;ООО «КОННЕКТ»;Общество с ограниченной ответственностью «КОННЕКТ»;;Генеральный Директор;Насиров Заур Махирович;обл. Ульяновская, г. Ульяновск, ул. Федерации, д. 25, этаж 3, помещ. 29;06.11.2015;1 000 000,0 ₽;7325140324;1157325006630;598 875 000,0 ₽;56,65%;Развлекательная деятельность;Спорт, отдых и развлечения;https://companies.rbc.ru/search/?query=7325140324;https://companies.rbc.ru/category/751-razvlekatelnaya_deyatelnost/;1
74;Действует;ООО «Видео Ленд»;Общество с ограниченной ответственностью «Видео Ленд»;;Генеральный Директор;Сухочева Светлана Викторовна;г. Москва, вн.тер.г. муниципальный округ Хорошево-Мневники, ул. 3-я Хорошёвская, д. 12, ком. 7;12.02.2007;17 000,0 ₽;7701704424;1077746327174;596 271 000,0 ₽;133,71%;Развлекательная деятельность;Спорт, отдых и развлечения;https://companies.rbc.ru/search/?query=7701704424;https://companies.rbc.ru/category/751-razvlekatelnaya_deyatelnost/;1
75;Действует;ООО «МЕДИА ЭСТЕЙТ»;ОБЩЕСТВО С ОГРАНИЧЕННОЙ ОТВЕТСТВЕННОСТЬЮ «МЕДИА ЭСТЕЙТ»;;Генеральный Директор;Стеганцова Александра Владимировна;г. Москва, вн.тер.г. Муниципальный округ Замоскворечье, ул. Большая Серпуховская, д. 44, этаж/помещ 3/I, ком./офис 3/6;08.10.2021;25 503 155,0 ₽;9705160183;1217700478951;570 892 000,0 ₽;39,90%;Развлекательная деятельность;Спорт, отдых и развлечения;https://companies.rbc.ru/search/?query=9705160183;https://companies.rbc.ru/category/751-razvlekatelnaya_deyatelnost/;1
76;Действует;ООО «ТРЕНД ТОЙС»;ОБЩЕСТВО С ОГРАНИЧЕННОЙ ОТВЕТСТВЕННОСТЬЮ «ТРЕНД ТОЙС»;;Генеральный Директор;Семенов Олег Дмитриевич;г. Москва, вн.тер. г. Муниципальный округ Печатники, д. 6, стр. 2;26.06.2019;1 600 000,0 ₽;7724480971;1197746407980;552 949 000,0 ₽;107,01%;Развлекательная деятельность;Спорт, отдых и развлечения;https://companies.rbc.ru/search/?query=7724480971;https://companies.rbc.ru/category/751-razvlekatelnaya_deyatelnost/;1
77;Действует;ООО «ДИСКАВЕРИ УОРЛД АКВАРИУМ»;ОБЩЕСТВО С ОГРАНИЧЕННОЙ ОТВЕТСТВЕННОСТЬЮ «ДИСКАВЕРИ УОРЛД АКВАРИУМ»;;Генеральный Директор;Степаненко Сергей Иванович;Краснодарский край., г. Сочи, ул. Ленина, дом 219А/4, оф. 1;13.07.2016;342 264 915,0 ₽;2317081933;1162367053760;535 832 000,0 ₽;9,33%;Развлекательная деятельность;Спорт, отдых и развлечения;https://companies.rbc.ru/search/?query=2317081933;https://companies.rbc.ru/category/751-razvlekatelnaya_deyatelnost/;1
78;Действует;ООО «Аттракцион-Экспо»;Общество с ограниченной ответственностью «Аттракцион-Экспо»;;Генеральный Директор;Вуймин Борис Борисович;г. Москва, вн.тер. г. Муниципальный округ Якиманка, ул. Большая Полянка, д. 42, стр. 1, помещ. 4/1;17.12.2009;10 000,0 ₽;7717665072;1097746813856;524 195 000,0 ₽;-10,99%;Развлекательная деятельность;Спорт, отдых и развлечения;https://companies.rbc.ru/search/?query=7717665072;https://companies.rbc.ru/category/751-razvlekatelnaya_deyatelnost/;1
79;Действует;ООО «НИКАПОЙНТ»;Общество с ограниченной ответственностью «НИКАПОЙНТ»;;Генеральный Директор;Майборода Олег Григорьевич;г. Москва, вн.тер.г. Муниципальный округ Текстильщики, пр-кт Волгоградский, д. 45, стр. 1, помещ. 1н/3;29.07.2009;12 500,0 ₽;7734616371;1097746410761;518 971 000,0 ₽;90,64%;Развлекательная деятельность;Спорт, отдых и развлечения;https://companies.rbc.ru/search/?query=7734616371;https://companies.rbc.ru/category/751-razvlekatelnaya_deyatelnost/;1
80;Действует;ООО «ЦПР им. М. Горького»;Общество с ограниченной ответственностью «Центральный парк развлечений им. М. Горького»;;Генеральный Директор;Кожевников Сергей Викторович;край Пермский, г. Пермь, ул. Сибирская, д. 49, офис 306;11.11.1997;2 325 000,0 ₽;5904005185;1025900903049;490 036 000,0 ₽;18,43%;Развлекательная деятельность;Спорт, отдых и развлечения;https://companies.rbc.ru/search/?query=5904005185;https://companies.rbc.ru/category/751-razvlekatelnaya_deyatelnost/;1
81;Действует;ООО «ПС ТЕХНОЛОДЖИ ГРУПП»;ОБЩЕСТВО С ОГРАНИЧЕННОЙ ОТВЕТСТВЕННОСТЬЮ «ПС ТЕХНОЛОДЖИ ГРУПП»;;Генеральный Директор;Крылова Ольга Олеговна;г. Москва, вн.тер.г. Муниципальный округ Щукино, ул. Маршала Рыбалко, д. 2, к. 6, помещ. 29н/7;01.09.2015;62 500,0 ₽;7734361892;1157746803455;487 950 000,0 ₽;402,47%;Развлекательная деятельность;Спорт, отдых и развлечения;https://companies.rbc.ru/search/?query=7734361892;https://companies.rbc.ru/category/751-razvlekatelnaya_deyatelnost/;1
82;Действует;ООО КБ «ИСКРА»;ОБЩЕСТВО С ОГРАНИЧЕННОЙ ОТВЕТСТВЕННОСТЬЮ КБ «ИСКРА»;;Генеральный Директор;Повстюк Максим Михайлович;г. Москва, вн.тер.г. Муниципальный округ Хорошево-Мневники, пр-кт Маршала Жукова, д. 2, к. 2, эт./помещ 4/403/4;30.03.2015;10 000,0 ₽;7702380099;1157746280614;478 452 000,0 ₽;43,82%;Развлекательная деятельность;Спорт, отдых и развлечения;https://companies.rbc.ru/search/?query=7702380099;https://companies.rbc.ru/category/751-razvlekatelnaya_deyatelnost/;1
83;Действует;ООО «СИЛА СВЕТА ШОУ»;ОБЩЕСТВО С ОГРАНИЧЕННОЙ ОТВЕТСТВЕННОСТЬЮ «СИЛА СВЕТА ШОУ»;;Генеральный Директор;Боженкова Мария Игоревна;г. Москва, кв-л. 137а Самаркандский Бульвар, Квартал 137а, корп. 11, кв. 117;13.10.2016;10 000,0 ₽;9705077986;5167746207294;461 318 000,0 ₽;2,04%;Развлекательная деятельность;Спорт, отдых и развлечения;https://companies.rbc.ru/search/?query=9705077986;https://companies.rbc.ru/category/751-razvlekatelnaya_deyatelnost/;1
84;Действует;ООО «ТУРИСТ»;ОБЩЕСТВО С ОГРАНИЧЕННОЙ ОТВЕТСТВЕННОСТЬЮ «ТУРИСТ»;;Директор;Дзугулов Владислав Валерьевич;респ. Кабардино-Балкарская, г. Нальчик, пр-кт Ленина, д. 75, кв. 3;11.11.2009;10 000,0 ₽;0725001040;1090725000904;452 900 000,0 ₽;56512,50%;Развлекательная деятельность;Спорт, отдых и развлечения;https://companies.rbc.ru/search/?query=0725001040;https://companies.rbc.ru/category/751-razvlekatelnaya_deyatelnost/;1
85;Действует;ООО Агентство «КЭНДИ ИВЕНТ»;Общество с ограниченной ответственностью Агентство «КЭНДИ ИВЕНТ»;;Генеральный Директор;Ярыгина Екатерина Владимировна;г. Москва, вн.тер.г. Муниципальный округ Пресненский, пр-д Шмитовский, д. 16, стр. 2, помещ. 4/1/1, ком. 3;02.04.2013;27 000,0 ₽;7705537118;1137746288470;451 765 000,0 ₽;-10,38%;Развлекательная деятельность;Спорт, отдых и развлечения;https://companies.rbc.ru/search/?query=7705537118;https://companies.rbc.ru/category/751-razvlekatelnaya_deyatelnost/;1
86;Действует;ООО «ТРАЕКТОРИЯ»;ОБЩЕСТВО С ОГРАНИЧЕННОЙ ОТВЕТСТВЕННОСТЬЮ «ТРАЕКТОРИЯ»;;Генеральный Директор;Андрусевская Татьяна Петровна;г. Москва, вн.тер.г. Муниципальный округ Даниловский, ул. 2-Я Рощинская, д. 10, помещ. 113;26.11.2018;10 000,0 ₽;7734418010;1187746961676;451 860 000,0 ₽;199,39%;Развлекательная деятельность;Спорт, отдых и развлечения;https://companies.rbc.ru/search/?query=7734418010;https://companies.rbc.ru/category/751-razvlekatelnaya_deyatelnost/;1
87;Действует;ООО «ПРОДАКШЕН ЦЕНТР»;ОБЩЕСТВО С ОГРАНИЧЕННОЙ ОТВЕТСТВЕННОСТЬЮ «ПРОДАКШЕН ЦЕНТР»;;Генеральный Директор;Булгаков Алексей Борисович;г. Москва, вн.тер. г. Муниципальный округ Хамовники, пер. Большой Саввинский, д. 12, стр. 18, этаж 2, помещ. VI ком. №1;11.04.2016;500 000,0 ₽;7725313691;1167746362948;450 593 000,0 ₽;37,15%;Развлекательная деятельность;Спорт, отдых и развлечения;https://companies.rbc.ru/search/?query=7725313691;https://companies.rbc.ru/category/751-razvlekatelnaya_deyatelnost/;1
88;Действует;ООО «ЛОТУС МЬЮЗИК»;ОБЩЕСТВО С ОГРАНИЧЕННОЙ ОТВЕТСТВЕННОСТЬЮ «ЛОТУС МЬЮЗИК»;;Генеральный Директор;Алиев Бахтияр Междин Оглы;г. Москва, вн.тер.г. Муниципальный округ Очаково-Матвеевское, ул. Наташи Ковшовой, д. 17, кв. 63;17.11.2015;10 000,0 ₽;1658184581;1151690093752;431 432 000,0 ₽;287,87%;Развлекательная деятельность;Спорт, отдых и развлечения;https://companies.rbc.ru/search/?query=1658184581;https://companies.rbc.ru/category/751-razvlekatelnaya_deyatelnost/;1
89;Действует;ООО «АЛИОТ»;ОБЩЕСТВО С ОГРАНИЧЕННОЙ ОТВЕТСТВЕННОСТЬЮ «АЛИОТ»;;Генеральный Директор;Мирончик Евгений Геннадьевич;г. Москва, вн.тер. г. Муниципальный округ Мещанский, пер. Астраханский, д. 1/15, помещ. 7/1;03.06.2019;10 000,0 ₽;7702469928;1197746357192;423 568 000,0 ₽;-57,55%;Развлекательная деятельность;Спорт, отдых и развлечения;https://companies.rbc.ru/search/?query=7702469928;https://companies.rbc.ru/category/751-razvlekatelnaya_deyatelnost/;1
90;Действует;ООО «НС ИВЕНТ МЕНЕДЖМЕНТ»;ОБЩЕСТВО С ОГРАНИЧЕННОЙ ОТВЕТСТВЕННОСТЬЮ «НС ИВЕНТ МЕНЕДЖМЕНТ»;;Генеральный Директор;Рахман Павел Анисурович;г. Москва, вн.тер.г. муниципальный округ Нижегородский, ул. Нижегородская, д. 29-33, стр. 15, эт 3 офис 335в;07.07.2015;10 000,0 ₽;9715204619;1157746608304;410 911 000,0 ₽;2,91%;Развлекательная деятельность;Спорт, отдых и развлечения;https://companies.rbc.ru/search/?query=9715204619;https://companies.rbc.ru/category/751-razvlekatelnaya_deyatelnost/;1
91;Действует;ООО «КУЛЬТУРА СОБЫТИЙ»;ОБЩЕСТВО С ОГРАНИЧЕННОЙ ОТВЕТСТВЕННОСТЬЮ «КУЛЬТУРА СОБЫТИЙ»;;Директор;Краснова Дарья Александровна;обл. Кемеровская область - Кузбасс, г. Кемерово, пр-кт Октябрьский, д. 53/2;04.04.2011;2 055 000,0 ₽;4205219175;1114205007400;408 966 000,0 ₽;20,35%;Развлекательная деятельность;Спорт, отдых и развлечения;https://companies.rbc.ru/search/?query=4205219175;https://companies.rbc.ru/category/751-razvlekatelnaya_deyatelnost/;1
92;Действует;ООО «АСБПРО»;ОБЩЕСТВО С ОГРАНИЧЕННОЙ ОТВЕТСТВЕННОСТЬЮ «АСБПРО»;;Генеральный Директор;Роговский Дмитрий Борисович;обл. Московская, г. Ивантеевка, пр-д Студенческий, д. 5, помещ. 20;06.02.2018;10 000,0 ₽;5038131805;1185050000948;392 292 000,0 ₽;12,97%;Развлекательная деятельность;Спорт, отдых и развлечения;https://companies.rbc.ru/search/?query=5038131805;https://companies.rbc.ru/category/751-razvlekatelnaya_deyatelnost/;1
93;Действует;ООО «БРЕНДИНГ ЛАБОРАТОРИЯ»;ОБЩЕСТВО С ОГРАНИЧЕННОЙ ОТВЕТСТВЕННОСТЬЮ «БРЕНДИНГ ЛАБОРАТОРИЯ»;;Генеральный Директор;Джафарова Александра Борисовна;г. Москва, вн.тер.г. муниципальный округ Замоскворечье, ул. Зацепа, д. 26, стр. 1, помещ. 1;28.03.2012;14 000,0 ₽;7701951818;1127746218038;387 438 000,0 ₽;24,45%;Развлекательная деятельность;Спорт, отдых и развлечения;https://companies.rbc.ru/search/?query=7701951818;https://companies.rbc.ru/category/751-razvlekatelnaya_deyatelnost/;1
94;Действует;ООО «РЦП»;ОБЩЕСТВО С ОГРАНИЧЕННОЙ ОТВЕТСТВЕННОСТЬЮ «РЦП»;;Генеральный Директор;Уткин Михаил Андреевич;г. Санкт-Петербург, вн.тер.г. Муниципальный округ Волковское, ул. Бухарестская, д. 30, помещ. 2н Ч.пом. 86;22.04.2021;10 000,0 ₽;7816717116;1217800065768;383 389 000,0 ₽;118,32%;Развлекательная деятельность;Спорт, отдых и развлечения;https://companies.rbc.ru/search/?query=7816717116;https://companies.rbc.ru/category/751-razvlekatelnaya_deyatelnost/;1
95;Действует;ООО «Д-КОНСТРАКШН»;ОБЩЕСТВО С ОГРАНИЧЕННОЙ ОТВЕТСТВЕННОСТЬЮ «Д-КОНСТРАКШН»;;Генеральный Директор;Алексеенко Ульяна Федоровна;г. Москва, вн.тер.г. муниципальный округ Нижегородский, ул. 1-я Карачаровская, д. 8, стр. 28, помещ. I;29.01.2018;50 000,0 ₽;9718086554;1187746091158;377 198 000,0 ₽;176,53%;Развлекательная деятельность;Спорт, отдых и развлечения;https://companies.rbc.ru/search/?query=9718086554;https://companies.rbc.ru/category/751-razvlekatelnaya_deyatelnost/;1
96;Действует;ООО «Интерскан»;Общество с ограниченной ответственностью «Интерскан»;;Генеральный Директор;Абрамян Кристина Ваагновна;г. Москва, вн.тер.г. Муниципальный округ Тверской, ул. Долгоруковская, д. 34, стр. 2;20.04.2009;24 000,0 ₽;7707702920;1097746235179;366 745 000,0 ₽;82,92%;Развлекательная деятельность;Спорт, отдых и развлечения;https://companies.rbc.ru/search/?query=7707702920;https://companies.rbc.ru/category/751-razvlekatelnaya_deyatelnost/;1
97;Действует;ООО «Страйк»;Общество с ограниченной ответственностью «Страйк»;;Генеральный Директор;Постолаки Радион Георгиевич;Ненецкий ао., г. Нарьян-Мар, ул. им В.И.Ленина, зд 6;19.04.2010;10 000,0 ₽;2983997706;1108383000263;363 398 000,0 ₽;90,63%;Развлекательная деятельность;Спорт, отдых и развлечения;https://companies.rbc.ru/search/?query=2983997706;https://companies.rbc.ru/category/751-razvlekatelnaya_deyatelnost/;1
98;Действует;ООО «ЕвроСити»;Общество с ограниченной ответственностью «ЕвроСити»;;Генеральный Директор;Прохина Надежда Николаевна;г. Москва, вн.тер.г. Муниципальный округ Нижегородский, ш. Фрезер, д. 5/1, помещ. 15п;14.05.2013;10 000,0 ₽;7728843425;1137746414079;356 368 000,0 ₽;82,75%;Развлекательная деятельность;Спорт, отдых и развлечения;https://companies.rbc.ru/search/?query=7728843425;https://companies.rbc.ru/category/751-razvlekatelnaya_deyatelnost/;1
99;Действует;ООО «КАСТОРМ»;ОБЩЕСТВО С ОГРАНИЧЕННОЙ ОТВЕТСТВЕННОСТЬЮ «КАСТОРМ»;;Генеральный Директор;Лайшев Тимур Викторович;г. Москва, вн.тер.г. муниципальный округ Нагатино-Садовники, ш. Каширское, д. 1, к. 2;04.02.2014;10 000,0 ₽;7725817730;1147746082703;348 213 000,0 ₽;49,54%;Развлекательная деятельность;Спорт, отдых и развлечения;https://companies.rbc.ru/search/?query=7725817730;https://companies.rbc.ru/category/751-razvlekatelnaya_deyatelnost/;1
100;Действует;ООО «БАНЖИ»;Общество с ограниченной ответственностью «БАНЖИ»;;Директор;Васильев Максим Васильевич;край Краснодарский, г.о. город-курорт Сочи, пгт. Красная Поляна, ул. Мичурина, д. 1;10.04.2002;2 600 000,0 ₽;2320106218;1032311676055;340 972 000,0 ₽;-11,97%;Развлекательная деятельность;Спорт, отдых и развлечения;https://companies.rbc.ru/search/?query=2320106218;https://companies.rbc.ru/category/751-razvlekatelnaya_deyatelnost/;1
