id;hotel_name;address;stars;phone;website;ostrovok_url;source_url;enrichment_source
1;Гостиница Radisson Blu Олимпийский, Москва;Samarskaya street, 1, Москва, Москва;5;;;https://ostrovok.ru/hotel/russia/moscow/mid8869780/radisson_blu_olympiyskiy_hotel/;https://ostrovok.ru/hotel/russia/moscow/?stars=5.4;ostrovok_listing
2;Отель Новотель Москва Киевская;улица Киевская дом 2, Москва;4;;;https://ostrovok.ru/hotel/russia/moscow/mid8661280/novotel_moscow_kievskaya/;https://ostrovok.ru/hotel/russia/moscow/?stars=5.4;ostrovok_listing
3;Бутик-отель Софит;пер. Сытинский, д.3/5, помещ. 4/1, Москва;4;;;https://ostrovok.ru/hotel/russia/moscow/mid8849518/sofit_butikhotel/;https://ostrovok.ru/hotel/russia/moscow/?stars=5.4;ostrovok_listing
4;Отель Swissotel Красные Холмы;Космодамианская наб., д. 52, стр.6, Москва;5;;;https://ostrovok.ru/hotel/russia/moscow/mid7590804/swissotel_krasnye_holmy/;https://ostrovok.ru/hotel/russia/moscow/?stars=5.4;ostrovok_listing
5;Сафмар Грандъ Москва (бывший Марриотт Гранд);ул. Тверская, 26/1, Москва;5;;;https://ostrovok.ru/hotel/russia/moscow/mid11231733/safmar_grand_moscow_exmarriott_grand/;https://ostrovok.ru/hotel/russia/moscow/?stars=5.4;ostrovok_listing
6;Отель Москва Марриотт Империал Плаза;Краснопрудная, 12, Москва  107140 Российская Федерация, Москва;5;;;https://ostrovok.ru/hotel/russia/moscow/mid9988092/moscow_marriott_imperial_plaza_hotel/;https://ostrovok.ru/hotel/russia/moscow/?stars=5.4;ostrovok_listing
7;Отель Москва Красносельская (бывший Хилтон Гарден Инн Красносельская);Верхняя Красносельская улица, д.11Ас4, Москва;4;;;https://ostrovok.ru/hotel/russia/moscow/mid9751449/hilton_garden_inn_moscow_krasnoselskaya_hotel/;https://ostrovok.ru/hotel/russia/moscow/?stars=5.4;ostrovok_listing
8;Сафмар Аврора Люкс (бывший Марриотт Ройал Аврора);улица Петровка, 11, Москва;5;;;https://ostrovok.ru/hotel/russia/moscow/mid7597450/gostinitsa_marriott_roiial_avrora/;https://ostrovok.ru/hotel/russia/moscow/?stars=5.4;ostrovok_listing
9;Отель Лесная Сафмар (бывший Холидей Инн Москва Лесная);улица Лесная, д. 15, Москва;4;;;https://ostrovok.ru/hotel/russia/moscow/mid7467380/kholidei_inn_moskva_lesnaia/;https://ostrovok.ru/hotel/russia/moscow/?stars=5.4;ostrovok_listing
10;Отель Hyatt Regency Moscow Petrovsky Park;Ленинградский проспект 36 строение 33, Москва;5;+7 495 479-12-34;https://hyatt.com;https://ostrovok.ru/hotel/russia/moscow/mid10001298/petrovskij_park_congress_hotel/;https://ostrovok.ru/hotel/russia/moscow/?stars=5.4;moscow_hotels_contacts.csv
11;Отель Холидей Таганский;ул. Симоновский Вал, 2, Москва;4;;;https://ostrovok.ru/hotel/russia/moscow/mid7467389/kholidei_inn_moskva_simonovskii/;https://ostrovok.ru/hotel/russia/moscow/?stars=5.4;ostrovok_listing
12;Отель Pentahotel Moscow Arbat;улица Новый Арбат, 15, Москва;4;;;https://ostrovok.ru/hotel/russia/moscow/mid8869717/pentahotel_moscow_arbat/;https://ostrovok.ru/hotel/russia/moscow/?stars=5.4;ostrovok_listing
13;Отель Сафмар Тверская Москва (бывший Марриотт Тверская);ул. 1-я Тверская Ямская, д. 34, Москва;4;;;https://ostrovok.ru/hotel/russia/moscow/mid7597423/gostinitsa_marriott_tverskaia/;https://ostrovok.ru/hotel/russia/moscow/?stars=5.4;ostrovok_listing
14;Отель Ваш Салют Апарт;проспект Ленинский, д. 158, Москва;4;;;https://ostrovok.ru/hotel/russia/moscow/mid11176521/salyut_aparthotel/;https://ostrovok.ru/hotel/russia/moscow/?stars=5.4;ostrovok_listing
15;Гостиница Националь Москва;улица Моховая, д. 15/1, стр. 1, Москва;5;;;https://ostrovok.ru/hotel/russia/moscow/mid7467340/gostinitsa_natsional_moskva/;https://ostrovok.ru/hotel/russia/moscow/?stars=5.4;ostrovok_listing
16;Отель Mercure Москва Павелецкая;улица Бахрушина, д 11 , Москва;4;;;https://ostrovok.ru/hotel/russia/moscow/mid8326248/mercure_moscow_paveletskaya_2/;https://ostrovok.ru/hotel/russia/moscow/?stars=5.4;ostrovok_listing
17;Гостиница Radisson Blu Белорусская, Москва;3-я ул. Ямского поля, д. 26А, Москва;4;;;https://ostrovok.ru/hotel/russia/moscow/mid7858838/redisson_belorusskaia_moskva/;https://ostrovok.ru/hotel/russia/moscow/?stars=5.4;ostrovok_listing
18;Отель Palmira Art;улица 4-я Магистральная, д. 4/11, Москва;4;;;https://ostrovok.ru/hotel/russia/moscow/mid13287330/palmira_art_hotel/;https://ostrovok.ru/hotel/russia/moscow/?stars=5.4;ostrovok_listing
19;Отель Вега Измайлово;Измайловское шоссе, д. 71, стр. 3В, Москва;4;;;https://ostrovok.ru/hotel/russia/moscow/mid7467768/best_western_vega_hotel/;https://ostrovok.ru/hotel/russia/moscow/?stars=5.4;ostrovok_listing
20;Отель Континенталь;Тверская улица, д.22 , Москва;5;;;https://ostrovok.ru/hotel/russia/moscow/mid7741106/interkontinental_moskva/;https://ostrovok.ru/hotel/russia/moscow/?stars=5.4;ostrovok_listing
21;AZIMUT Сити Отель Олимпик Москва;Олимпийский пр-т, д. 18/1, Москва;4;;;https://ostrovok.ru/hotel/russia/moscow/mid7597419/azimut_moscow_olympic_hotel/;https://ostrovok.ru/hotel/russia/moscow/?stars=5.4;ostrovok_listing
22;Гостиница Рэдиссон Славянская;Площадь Евразии, д.2, Москва;4;;;https://ostrovok.ru/hotel/russia/moscow/mid7467357/otel_radisson_slavyanskaya_and_business_centre/;https://ostrovok.ru/hotel/russia/moscow/?stars=5.4;ostrovok_listing
23;Отель Glenver Garden;Кожевническая улица, д.4, Москва;4;;;https://ostrovok.ru/hotel/russia/moscow/mid11236308/glenver_garden_paveletskaya_hotel/;https://ostrovok.ru/hotel/russia/moscow/?stars=5.4;ostrovok_listing
24;Отель Сущевский Сафмар (бывший Холидей Инн Москва Сущевский);улица Сущевский Вал, д. 74, Москва;4;;;https://ostrovok.ru/hotel/russia/moscow/mid7467381/kholidei_inn_sushchevskii/;https://ostrovok.ru/hotel/russia/moscow/?stars=5.4;ostrovok_listing
25;Отель Сафмар Палас Москва;1-ая Тверская Ямская ул., д. 19, Москва, Москва;5;;;https://ostrovok.ru/hotel/russia/moscow/mid7597114/gostinitsa_sheraton_palas_moskva/;https://ostrovok.ru/hotel/russia/moscow/?stars=5.4;ostrovok_listing
26;Отель Холидей Инн Москва Сокольники;Русаковская улица, д. 24, Москва;4;;;https://ostrovok.ru/hotel/russia/moscow/mid7600142/otel_kholidei_inn_moskva_sokolniki/;https://ostrovok.ru/hotel/russia/moscow/?stars=5.4;ostrovok_listing
27;Апарт-отель Анис Стайл Москва Октябрьское Поле;3-я Хорошёвская улица, д.23А, Москва;4;;;https://ostrovok.ru/hotel/russia/moscow/mid10437053/anisstayl_moskva_oktyabryskoye_pole_aparthotel/;https://ostrovok.ru/hotel/russia/moscow/?stars=5.4;ostrovok_listing
28;Отель Дельта Измайлово;Измайловское шоссе, д. 71, корп. 4 Г-Д, Москва;4;;;https://ostrovok.ru/hotel/russia/moscow/mid7402133/otel_izmailovo_delta/;https://ostrovok.ru/hotel/russia/moscow/?stars=5.4;ostrovok_listing
29;ENZO Hotel Moscow by ZONT Hotel Group;Поклонная улица, 9, Москва;5;;;https://ostrovok.ru/hotel/russia/moscow/mid13725634/enzo_hotel_moscow_by_zont_hotel_group/;https://ostrovok.ru/hotel/russia/moscow/?stars=5.4;ostrovok_listing
30;Plaza Garden Moscow WTC Hotel;набережная Краснопресненская, дом 12, Москва;5;;;https://ostrovok.ru/hotel/russia/moscow/mid8075994/crowne_plaza_moscow_world_trade_centre/;https://ostrovok.ru/hotel/russia/moscow/?stars=5.4;ostrovok_listing
31;Отель Hampton by Hilton Moscow Рогожский вал;улица Рогожский Вал, дом 10, Москва;4;;;https://ostrovok.ru/hotel/russia/moscow/mid9770069/hampton_by_hilton_moscow_rogozhsky_val/;https://ostrovok.ru/hotel/russia/moscow/?stars=5.4;ostrovok_listing
32;Отель Звёзды Арбата;ул. Новый Арбат, 32, Москва, Москва;5;;;https://ostrovok.ru/hotel/russia/moscow/mid8139930/moscow_marriott_hotel_novy_arbat/;https://ostrovok.ru/hotel/russia/moscow/?stars=5.4;ostrovok_listing
33;Отель Mercure Арбат Москва;Смоленская площадь, д.6, Москва;4;;;https://ostrovok.ru/hotel/russia/moscow/mid7796014/mercure_arbat_moscow/;https://ostrovok.ru/hotel/russia/moscow/?stars=5.4;ostrovok_listing
34;AZIMUT Сити Отель Смоленская Москва;ул. Смоленская, д.8, Москва;4;;;https://ostrovok.ru/hotel/russia/moscow/mid8744391/azimut_hotel_smolenskaya_moscow/;https://ostrovok.ru/hotel/russia/moscow/?stars=5.4;ostrovok_listing
35;Отель Альянс Бородино;ул. Русаковская, д. 13, стр. 5, Москва;4;;;https://ostrovok.ru/hotel/russia/moscow/mid7599836/borodino_hotel/;https://ostrovok.ru/hotel/russia/moscow/?stars=5.4;ostrovok_listing
36;AZIMUT Отель Аэростар Москва;Ленинградский проспект, д.37 строение 9, Москва;4;;;https://ostrovok.ru/hotel/russia/moscow/mid7598118/aerostar_hotel/;https://ostrovok.ru/hotel/russia/moscow/?stars=5.4;ostrovok_listing
37;Отель Арт Москва, ZONT Hotel Group;улица Космонавта Волкова, д.6 А, Москва;4;;;https://ostrovok.ru/hotel/russia/moscow/mid8748812/art_moskva_hotel/;https://ostrovok.ru/hotel/russia/moscow/?stars=5.4;ostrovok_listing
38;Отель Novotel Москва Центр;Новослободская улица, д. 23, Москва;4;;;https://ostrovok.ru/hotel/russia/moscow/mid7806857/novotel_moskva_tsentr/;https://ostrovok.ru/hotel/russia/moscow/?stars=5.4;ostrovok_listing
39;Гостиница Radisson Collection Москва;Кутузовский пр-т, д. 2/1 стр.1, Москва;5;;;https://ostrovok.ru/hotel/russia/moscow/mid8876782/radisson_collection_hotel_moscow/;https://ostrovok.ru/hotel/russia/moscow/?stars=5.4;ostrovok_listing
40;Отель Novotel Москва Сити;Пресненская Набережная, д. 2, Москва;4;;;https://ostrovok.ru/hotel/russia/moscow/mid7620527/novotel_moscow_city_hotel/;https://ostrovok.ru/hotel/russia/moscow/?stars=5.4;ostrovok_listing
41;Отель Балчуг Кемпински Москва;улица Балчуг, д. 1, Москва;5;;;https://ostrovok.ru/hotel/russia/moscow/mid7590814/hotel_baltschug_kempinski_moscow/;https://ostrovok.ru/hotel/russia/moscow/?stars=5.4;ostrovok_listing
42;Отель Soluxe Hotel Moscow;улица Вильгельма Пика, д. 16, Москва;5;+7 495 139-20-20;https://soluxehotelmoscow.com;https://ostrovok.ru/hotel/russia/moscow/mid10480541/soluxe_hotel_moscow/;https://ostrovok.ru/hotel/russia/moscow/?stars=5.4;moscow_hotels_contacts.csv
43;Отель Арткорт Москва Центр;Вознесенский переулок, д.7, Москва;4;;;https://ostrovok.ru/hotel/russia/moscow/mid7597525/courtyard_by_marriott_moscow_city_center/;https://ostrovok.ru/hotel/russia/moscow/?stars=5.4;ostrovok_listing
44;Отель Brosko Moscow;улица Новый Арбат, д. 21, строение 2, Москва;4;;;https://ostrovok.ru/hotel/russia/moscow/mid8854267/hotel_brosko/;https://ostrovok.ru/hotel/russia/moscow/?stars=5.4;ostrovok_listing
45;Отель Измайлово Альфа;Измайловское шоссе, д.71 А, Москва;4;;;https://ostrovok.ru/hotel/russia/moscow/mid7467385/izmailovo_alpha_hotel/;https://ostrovok.ru/hotel/russia/moscow/?stars=5.4;ostrovok_listing
46;Отель Viewpoint Hotel;Садовническая набережная, д. 7, помещ. 50, Москва;4;;;https://ostrovok.ru/hotel/russia/moscow/mid8878179/balchug_viewpoint_hotel/;https://ostrovok.ru/hotel/russia/moscow/?stars=5.4;ostrovok_listing
47;Отель Cosmos Selection Москва Внуково Спорт Отель;вн.тер.г. муниципальный округ Внуково, ул. Большая Внуковская, д. 8, Москва;4;;;https://ostrovok.ru/hotel/russia/moscow/mid13866274/hotel_kosmos_selekshn_moskva_vnukovo_sport_hotel/;https://ostrovok.ru/hotel/russia/moscow/?stars=5.4;ostrovok_listing
48;Отель Cosmos Selection Москва Арбат;улица Новый Арбат, 2, Москва;4;;;https://ostrovok.ru/hotel/russia/moscow/mid13369156/hotel_cosmos_selection_moscow_arbat/;https://ostrovok.ru/hotel/russia/moscow/?stars=5.4;ostrovok_listing
49;Гостиница Золотое Кольцо;Смоленская улица, 5, Москва;5;;;https://ostrovok.ru/hotel/russia/moscow/mid7467289/golden_ring_hotel_2/;https://ostrovok.ru/hotel/russia/moscow/?stars=5.4;ostrovok_listing
50;Aquamarine;Озерковская наб., д. 26, Москва;4;;;https://ostrovok.ru/hotel/russia/moscow/mid9291722/crowne_plaza_moscow_tretyakovskaya/;https://ostrovok.ru/hotel/russia/moscow/?stars=5.4;ostrovok_listing
51;Отель Cosmos Москва Павелецкая;улица Кожевническая, д. 8, стр. 3, Москва;4;;;https://ostrovok.ru/hotel/russia/moscow/mid7765017/courtyard_by_marriott_moscow_paveletskaya_hotel/;https://ostrovok.ru/hotel/russia/moscow/?stars=5.4;ostrovok_listing
52;Отель Hilton Москва Ленинградская;Каланчевская ул.21/40, Москва;5;;;https://ostrovok.ru/hotel/russia/moscow/mid7601804/gostinitsa_khilton_leningradskaia/;https://ostrovok.ru/hotel/russia/moscow/?stars=5.4;ostrovok_listing
53;Апарт-отель Yes Technopark;проспект Андропова, д.10, Москва;4;;;https://ostrovok.ru/hotel/russia/moscow/mid10151494/apartotel_yes_technopark/;https://ostrovok.ru/hotel/russia/moscow/?stars=5.4;ostrovok_listing
54;Отель Movenpiсk Москва Таганская;улица Земляной Вал, д.70, Москва;5;;;https://ostrovok.ru/hotel/russia/moscow/mid9260139/movenpick_moscow_taganskaya/;https://ostrovok.ru/hotel/russia/moscow/?stars=5.4;ostrovok_listing
55;Отель Maidens Hotel;Зубовская площадь, 3 строение 1, Москва;5;;;https://ostrovok.ru/hotel/russia/moscow/mid13100159/hotel_maidens_hotel/;https://ostrovok.ru/hotel/russia/moscow/?stars=5.4;ostrovok_listing
56;Отель Веллион Смоленский;переулок Сивцев Вражек, 45, строение 1, Москва;4;;;https://ostrovok.ru/hotel/russia/moscow/mid13297596/boutique_hotel_vellion_smolenskiy/;https://ostrovok.ru/hotel/russia/moscow/?stars=5.4;ostrovok_listing
57;Барин Резиденс Центр;Ulitsa Sadovnicheskaya 8, Москва, Москва;4;;;https://ostrovok.ru/hotel/russia/moscow/mid8854270/barin_rezidence_balchug/;https://ostrovok.ru/hotel/russia/moscow/?stars=5.4;ostrovok_listing
58;Отель Mercure Москва Бауманская;Бауманская улица, д.54, стр. 1, Москва;4;;;https://ostrovok.ru/hotel/russia/moscow/mid8142740/mercure_moscow_baumanskaya/;https://ostrovok.ru/hotel/russia/moscow/?stars=5.4;ostrovok_listing
59;Отель Edge Seligerskaya Moscow;Коровинское шоссе, д.10, Москва;4;+7 495 645-00-00;https://edgeseligerskaya.ru;https://ostrovok.ru/hotel/russia/moscow/mid7600189/iris_congress_hotel/;https://ostrovok.ru/hotel/russia/moscow/?stars=5.4;moscow_hotels_contacts.csv
60;Отель Савой;улица Рождественка, д.3/6, стр.1, Москва;5;;;https://ostrovok.ru/hotel/russia/moscow/mid7573372/savoy_hotel/;https://ostrovok.ru/hotel/russia/moscow/?stars=5.4;ostrovok_listing
61;Отель Norke Prime Бауманская;улица Доброслободская, д. 6 стр. 1, Москва;4;;;https://ostrovok.ru/hotel/russia/moscow/mid11161354/norke_prime_baumanskaya_hotel/;https://ostrovok.ru/hotel/russia/moscow/?stars=5.4;ostrovok_listing
62;Отель Novotel Москва Аэропорт Шереметьево;Международное шоссе, вл. 3, Химки;4;;;https://ostrovok.ru/hotel/russia/moscow/mid7590072/novotel_moskva_sheremetevo/;https://ostrovok.ru/hotel/russia/moscow/?stars=5.4;ostrovok_listing
63;Отель Пальмира Бизнес Клуб;Новоданиловская наб., д. 6, Москва;4;;;https://ostrovok.ru/hotel/russia/moscow/mid11157982/palmira_business_club_hotel/;https://ostrovok.ru/hotel/russia/moscow/?stars=5.4;ostrovok_listing
64;Отель WineWood Moscow;улица Красная Пресня, д.30 стр.3, Москва;4;;;https://ostrovok.ru/hotel/russia/moscow/mid8854262/winewood_moscow_lounge_hotel/;https://ostrovok.ru/hotel/russia/moscow/?stars=5.4;ostrovok_listing
65;Бутик-отель Петровка 26;улица Петровка, д. 26с8, помещ. 1Н, Москва;5;;;https://ostrovok.ru/hotel/russia/moscow/mid10675430/petrovka_26_boutiquehotel/;https://ostrovok.ru/hotel/russia/moscow/?stars=5.4;ostrovok_listing
66;Отель Edge Vinogradovo Moscow;Дмитровское шоссе, д. 171, Москва;4;+7 495 645-00-02;https://edgevinogradovo.ru;https://ostrovok.ru/hotel/russia/moscow/mid7601773/kholidei_inn_moskva_vinogradovo/;https://ostrovok.ru/hotel/russia/moscow/?stars=5.4;moscow_hotels_contacts.csv
67;Отель МонАрх Москва (ранее Ренессанс Монарх);Ленинградский проспект 31 А стр.1, Москва;5;;;https://ostrovok.ru/hotel/russia/moscow/mid7469066/otel_renaissance_moscow_monarch_centre/;https://ostrovok.ru/hotel/russia/moscow/?stars=5.4;ostrovok_listing
68;Отель DoubleTree Москва Арбат;Никитский бул., 10, Москва, Москва;4;;;https://ostrovok.ru/hotel/russia/moscow/mid9989265/doubletree_by_hilton_moscow_arbat/;https://ostrovok.ru/hotel/russia/moscow/?stars=5.4;ostrovok_listing
69;Отель Sunflower Румянцево ZONT Hotel Group;Kievskoe shosse, 22nd km, Business-park Rumjantsevo, estate 4, building E, Москва;4;;;https://ostrovok.ru/hotel/russia/moscow/mid7770730/otel_insaidbiznes/;https://ostrovok.ru/hotel/russia/moscow/?stars=5.4;ostrovok_listing
70;Отель Билибин Гарден Москва;улица Садовническая, д.5, Москва;4;;;https://ostrovok.ru/hotel/russia/moscow/mid8660992/otel_troika_moskva/;https://ostrovok.ru/hotel/russia/moscow/?stars=5.4;ostrovok_listing
71;Отель Astrus;проспект Ленинский, д.146, Москва;4;;;https://ostrovok.ru/hotel/russia/moscow/mid7467913/astrus_hotel/;https://ostrovok.ru/hotel/russia/moscow/?stars=5.4;ostrovok_listing
72;Отель Radisson Blu Ленинский проспект, Москва;Ленинский проспект, дом 90/3, Москва;5;;;https://ostrovok.ru/hotel/russia/moscow/mid10621095/hotel_radisson_blu_leninsky_prospect_hotel_moscow/;https://ostrovok.ru/hotel/russia/moscow/?stars=5.4;ostrovok_listing
73;Отель Метрополь;Театральный пр-д, д.2, Москва;5;;;https://ostrovok.ru/hotel/russia/moscow/mid7595994/metropol_hotel/;https://ostrovok.ru/hotel/russia/moscow/?stars=5.4;ostrovok_listing
74;AZIMUT Сити Отель Тульская Москва;Варшавское шоссе, 9, Москва;4;;;https://ostrovok.ru/hotel/russia/moscow/mid7768573/azimut_moscow_tulskaya_hotel/;https://ostrovok.ru/hotel/russia/moscow/?stars=5.4;ostrovok_listing
75;Гостиница «Президент-Отель»;улица Большая Якиманка, д. 24, Москва;4;;;https://ostrovok.ru/hotel/russia/moscow/mid7467290/president_3/;https://ostrovok.ru/hotel/russia/moscow/?stars=5.4;ostrovok_listing
76;Апарт-отель Адажио Москва Киевская;улица Киевская, дом 2, Москва;4;;;https://ostrovok.ru/hotel/russia/moscow/mid9204547/adazhio_moskva_kievskaya_aparthotel/;https://ostrovok.ru/hotel/russia/moscow/?stars=5.4;ostrovok_listing
77;Апарт-отель Norke Prime Сретенка;улица Сретенка, 36, Москва;4;;;https://ostrovok.ru/hotel/russia/moscow/mid10864367/apartotel_norke_prime_sretenskaya/;https://ostrovok.ru/hotel/russia/moscow/?stars=5.4;ostrovok_listing
78;Бутик-отель PR Myasnitsky;улица Мясницкая, д.13/3, Москва;4;;;https://ostrovok.ru/hotel/russia/moscow/mid8753290/pr_myasnitsky_boutique_hotel/;https://ostrovok.ru/hotel/russia/moscow/?stars=5.4;ostrovok_listing
79;Отель Россо Рива;Шлюзовая набережная, д. 6, стр. 2, Москва;4;;;https://ostrovok.ru/hotel/russia/moscow/mid7597146/katerina_city_hotel/;https://ostrovok.ru/hotel/russia/moscow/?stars=5.4;ostrovok_listing
80;Select Hotel Paveletskaya;Стремянный переулок, д.11, помещ. 1/П, Москва;4;+7 495 788-77-00;https://select-hotel.ru;https://ostrovok.ru/hotel/russia/moscow/mid7596982/tatiana/;https://ostrovok.ru/hotel/russia/moscow/?stars=5.4;moscow_hotels_contacts.csv
81;Отель Салют;Ленинский проспект, д.158, Москва;4;;;https://ostrovok.ru/hotel/russia/moscow/mid7830709/salut_hotel/;https://ostrovok.ru/hotel/russia/moscow/?stars=5.4;ostrovok_listing
82;Апарт-отель Петровский парк Syncotel;Большой Коптевский проезд, д. 3 строение 7, Москва;4;;;https://ostrovok.ru/hotel/russia/moscow/mid10591033/travelto_petrovskiy_park_aparthotel/;https://ostrovok.ru/hotel/russia/moscow/?stars=5.4;ostrovok_listing
83;Гостиница Парк Тауэр;Дмитровское шоссе 27, Москва;4;;;https://ostrovok.ru/hotel/russia/moscow/mid7401579/molodozhny/;https://ostrovok.ru/hotel/russia/moscow/?stars=5.4;ostrovok_listing
84;Отель Будапешт;Улица Петровские линии 2, Москва;4;;;https://ostrovok.ru/hotel/russia/moscow/mid7467391/otel_budapesht/;https://ostrovok.ru/hotel/russia/moscow/?stars=5.4;ostrovok_listing
85;Отель The St. Regis Moscow Nikolskaya;Никольская ул., 12, Москва;5;+7 495 967-77-76;https://stregis.com;https://ostrovok.ru/hotel/russia/moscow/mid7710430/the_st_regis_moscow_nikolskaya/;https://ostrovok.ru/hotel/russia/moscow/?stars=5.4;moscow_hotels_contacts.csv
86;Отель Marins Москва Пражская;Кировоградская улица, д.11, Москва;4;;;https://ostrovok.ru/hotel/russia/moscow/mid13330344/marins_park_hotel_moskva_prazhskaya_hotel/;https://ostrovok.ru/hotel/russia/moscow/?stars=5.4;ostrovok_listing
87;Doubletree by Hilton Moscow - Marina;Ленинградское шоссе, 39 строение 1, Москва;4;;;https://ostrovok.ru/hotel/russia/moscow/mid8313259/doubletree_by_hilton_hotel_moscow__marina/;https://ostrovok.ru/hotel/russia/moscow/?stars=5.4;ostrovok_listing
88;Апарт-отель Idera;Рязанский проспект, д.2к3, Москва;4;;;https://ostrovok.ru/hotel/russia/moscow/mid13106596/idera_hotel/;https://ostrovok.ru/hotel/russia/moscow/?stars=5.4;ostrovok_listing
89;Отель Интурист Коломенское;Каширское Шоссе,д. 39 стр. Б, Москва;4;;;https://ostrovok.ru/hotel/russia/moscow/mid8126782/kolomenskoye__2/;https://ostrovok.ru/hotel/russia/moscow/?stars=5.4;ostrovok_listing
90;Отель Arium by Brosko;ул. Малая Дмитровка, д 25, строение 3, Москва;4;;;https://ostrovok.ru/hotel/russia/moscow/mid8745790/arium_hotel/;https://ostrovok.ru/hotel/russia/moscow/?stars=5.4;ostrovok_listing
91;Гостиница Арбат Хауc;Скатертный переулок, дом 13, Москва;4;;;https://ostrovok.ru/hotel/russia/moscow/mid7601703/gostinitsa_arbat_house_byvshaia_melodiia/;https://ostrovok.ru/hotel/russia/moscow/?stars=5.4;ostrovok_listing
92;Бутик-отель Палаты Хованских;Старопименовский переулок, д.11с2, Москва;4;;;https://ostrovok.ru/hotel/russia/moscow/mid11341011/palaty_khovanskikh_butikhotel/;https://ostrovok.ru/hotel/russia/moscow/?stars=5.4;ostrovok_listing
93;Гостиница Сретенская;улица Сретенка, д.15, Москва;4;;;https://ostrovok.ru/hotel/russia/moscow/mid7400794/sretenskaya_hotel/;https://ostrovok.ru/hotel/russia/moscow/?stars=5.4;ostrovok_listing
94;Отель Marco Polo by Moss Hospitality;Спиридоньевский переулок, д. 9, стр. 1., Москва;4;;;https://ostrovok.ru/hotel/russia/moscow/mid7467371/otel_marko_polo_presnia/;https://ostrovok.ru/hotel/russia/moscow/?stars=5.4;ostrovok_listing
95;Отель V Hotel Tverskaya;Малый Палашевский переулок,  д.5, Москва;4;;;https://ostrovok.ru/hotel/russia/moscow/mid9080044/vhotel_tverskaya/;https://ostrovok.ru/hotel/russia/moscow/?stars=5.4;ostrovok_listing
96;Лотте Отель Москва;Новинский Бульвар, д. 8, стр. 2, Москва;5;;;https://ostrovok.ru/hotel/russia/moscow/mid7382812/lotte_otel_moskva/;https://ostrovok.ru/hotel/russia/moscow/?stars=5.4;ostrovok_listing
97;Апарт-отель Adagio Москва Павелецкая;Бахрушина ул., д.11, Москва;4;;;https://ostrovok.ru/hotel/russia/moscow/mid7864897/adagio_moscow_paveletskaya_4/;https://ostrovok.ru/hotel/russia/moscow/?stars=5.4;ostrovok_listing
98;DoubleTree by Hilton Moscow — Vnukovo Airport;улица 2-я Рейсовая, дом 2, Москва;4;;;https://ostrovok.ru/hotel/russia/moscow/mid8848335/doubletree_by_hilton_moscow_vnukovo_airport/;https://ostrovok.ru/hotel/russia/moscow/?stars=5.4;ostrovok_listing
99;Отель Мандарин Москва;улица Ольховская, д.23, Москва;4;;;https://ostrovok.ru/hotel/russia/moscow/mid7467339/mandarin_moscow_hotel/;https://ostrovok.ru/hotel/russia/moscow/?stars=5.4;ostrovok_listing
100;Отель Петровский Путевой Дворец;проспект Ленинградский, д. 40, Москва;5;;;https://ostrovok.ru/hotel/russia/moscow/mid7741454/petrovskii_putevoi_dvorets/;https://ostrovok.ru/hotel/russia/moscow/?stars=5.4;ostrovok_listing
101;Гостиница Park Inn, Одинцово;улица Маршала Неделина, д.8, Одинцово;4;;;https://ostrovok.ru/hotel/russia/moscow/mid7668697/park_inn_by_radisson_odintsovo/;https://ostrovok.ru/hotel/russia/moscow/?stars=5.4;ostrovok_listing
102;Гостиница Пекин;улица Большая садовая 5, Москва;4;;;https://ostrovok.ru/hotel/russia/moscow/mid7465127/gostinitsa_pekin/;https://ostrovok.ru/hotel/russia/moscow/?stars=5.4;ostrovok_listing
103;Отель Мегаполис Новокузнецкая 4*;улица Большая Татарская, д. 46, Москва;4;;;https://ostrovok.ru/hotel/russia/moscow/mid13745318/megapolis_hotel_5/;https://ostrovok.ru/hotel/russia/moscow/?stars=5.4;ostrovok_listing
104;Отель Spektrcity Taganskaya;улица Воронцовская, д. 20, Москва;4;;;https://ostrovok.ru/hotel/russia/moscow/mid11024207/spektrcity_taganskaya_hotel/;https://ostrovok.ru/hotel/russia/moscow/?stars=5.4;ostrovok_listing
105;Апарт-отель Ap-in;улица Василисы Кожиной, д. 13, Москва;4;;;https://ostrovok.ru/hotel/russia/moscow/mid9996446/apin_aparts/;https://ostrovok.ru/hotel/russia/moscow/?stars=5.4;ostrovok_listing
106;Отель Максима Домодедово;"Аэропорт Домодедово, территория ""Аэропорт ""Домодедово"", строение 53, Москва";4;;;https://ostrovok.ru/hotel/russia/moscow/mid10249097/maxima_domodedovo/;https://ostrovok.ru/hotel/russia/moscow/?stars=5.4;ostrovok_listing
107;Отель Barin Residence Grand&Myasnitskaya;Милютинский пер., 2, Москва, Москва;4;;;https://ostrovok.ru/hotel/russia/moscow/mid9157844/barin_residence_grand/;https://ostrovok.ru/hotel/russia/moscow/?stars=5.4;ostrovok_listing
108;Отель Пётр I;улица Неглинная, 17, стр. 1, Москва;5;;;https://ostrovok.ru/hotel/russia/moscow/mid7467388/peter_1/;https://ostrovok.ru/hotel/russia/moscow/?stars=5.4;ostrovok_listing
109;Отель Милан;улица Шипиловская, д.28 А, Москва;4;;;https://ostrovok.ru/hotel/russia/moscow/mid7573441/milan_hotel/;https://ostrovok.ru/hotel/russia/moscow/?stars=5.4;ostrovok_listing
110;Отель Пушкин;Настасьинский переулок, д.5 стр. 1, Москва;4;;;https://ostrovok.ru/hotel/russia/moscow/mid8037921/otel_pushkin/;https://ostrovok.ru/hotel/russia/moscow/?stars=5.4;ostrovok_listing
111;Tverskoy Boutique Hotel;Старопименовский переулок, д. 11/6, Москва;4;;;https://ostrovok.ru/hotel/russia/moscow/mid6297673/miniotel_sleepy_tom/;https://ostrovok.ru/hotel/russia/moscow/?stars=5.4;ostrovok_listing
112;Отель Миа Милано;Кутузовский проспект, д.30, подъезд 11 А, Москва;4;;;https://ostrovok.ru/hotel/russia/moscow/mid9083383/mia_milano_hotel/;https://ostrovok.ru/hotel/russia/moscow/?stars=5.4;ostrovok_listing
113;Отель Де Пари;улица Большая Бронная, 23, строение 3, Москва;4;;;https://ostrovok.ru/hotel/russia/moscow/mid7681565/otel_de_pari/;https://ostrovok.ru/hotel/russia/moscow/?stars=5.4;ostrovok_listing
114;Отель Hartwell;улица Садовая-Кудринская, д.21/5, Москва;4;;;https://ostrovok.ru/hotel/russia/moscow/mid8735752/ooo_hartvel_hotel/;https://ostrovok.ru/hotel/russia/moscow/?stars=5.4;ostrovok_listing
115;Отель Riverside;Кутузовский проспект, д.2/1 строение 1Б, Москва;4;;;https://ostrovok.ru/hotel/russia/moscow/mid8737742/riverside_hotel_40/;https://ostrovok.ru/hotel/russia/moscow/?stars=5.4;ostrovok_listing
116;Отель Гостиница Скайвью Сити;Большая Никитская 24/1 с.6, Москва;4;;;https://ostrovok.ru/hotel/russia/moscow/mid7058678/status_hotel_5/;https://ostrovok.ru/hotel/russia/moscow/?stars=5.4;ostrovok_listing
117;Отель SK Royal Москва;Дмитровское шоссе, д.163А, корп.2, Москва;4;;;https://ostrovok.ru/hotel/russia/moscow/mid7815497/skroyal_hotel/;https://ostrovok.ru/hotel/russia/moscow/?stars=5.4;ostrovok_listing
118;Отель Акварель;Столешников переулок, 12с3, Москва;4;;;https://ostrovok.ru/hotel/russia/moscow/mid7378024/akvarel_hotel/;https://ostrovok.ru/hotel/russia/moscow/?stars=5.4;ostrovok_listing
119;Отель Веллион Сухаревский;Большая Спасская улица, д.13с1, Москва;4;;;https://ostrovok.ru/hotel/russia/moscow/mid9078221/vellion_sukharevsky/;https://ostrovok.ru/hotel/russia/moscow/?stars=5.4;ostrovok_listing
120;Отель Борис Годунов;Нижний кисельный переулок, дом 4 , Москва;4;;;https://ostrovok.ru/hotel/russia/moscow/mid6431725/otel_godunov/;https://ostrovok.ru/hotel/russia/moscow/?stars=5.4;ostrovok_listing
121;Мясницкий Бутик Отель;улица Мясницкая, д.14/2 стр.1, Москва;4;;;https://ostrovok.ru/hotel/russia/moscow/mid9022928/myasnitskiy_boutique_hotel/;https://ostrovok.ru/hotel/russia/moscow/?stars=5.4;ostrovok_listing
122;Отель Чайковский;улица Большая Никитская, д.24/1 стр.6, Москва;4;;;https://ostrovok.ru/hotel/russia/moscow/mid8733261/tchaikovsky_hotel/;https://ostrovok.ru/hotel/russia/moscow/?stars=5.4;ostrovok_listing
123;Гостиница Бега;Беговая аллея, д.11, Москва;4;;;https://ostrovok.ru/hotel/russia/moscow/mid7590905/bega_hotel_/;https://ostrovok.ru/hotel/russia/moscow/?stars=5.4;ostrovok_listing
124;Отель СПА Palmira Garden;ул. Школьная 92, Видное;4;;;https://ostrovok.ru/hotel/russia/moscow/mid9291179/palmira_garden_hotel_spa_palmira_garden/;https://ostrovok.ru/hotel/russia/moscow/?stars=5.4;ostrovok_listing
125;Чехофф Отель Москва Кьюрио Коллекшен Хилтон;улица Малая Дмитровка, д. 11, Москва;5;;;https://ostrovok.ru/hotel/russia/moscow/mid9023595/chekhoff_hotel_moscow_curio_collection_by_hilton/;https://ostrovok.ru/hotel/russia/moscow/?stars=5.4;ostrovok_listing
126;Арарат Парк Хаятт Москва;Неглинная ул., 4, Москва, Москва;5;;;https://ostrovok.ru/hotel/russia/moscow/mid7599730/ararat_park_khaiatt/;https://ostrovok.ru/hotel/russia/moscow/?stars=5.4;ostrovok_listing
127;Апарт-Отель Page 20;улица Новый Арбат, дом 15, Москва;4;;;https://ostrovok.ru/hotel/russia/moscow/mid9768720/page_20/;https://ostrovok.ru/hotel/russia/moscow/?stars=5.4;ostrovok_listing
128;Отель Дизайн Сенатор;Лубянский проезд, д. 7/1, Москва;4;;;https://ostrovok.ru/hotel/russia/moscow/mid8877301/senator_hotel_8/;https://ostrovok.ru/hotel/russia/moscow/?stars=5.4;ostrovok_listing
129;Апарт-отель Intermark Residence;улица Новый Арбат, д. 15, Москва;4;;;https://ostrovok.ru/hotel/russia/moscow/mid9024447/intermark_residence_apartments/;https://ostrovok.ru/hotel/russia/moscow/?stars=5.4;ostrovok_listing
130;Отель Максима Панорама;улица Мастеркова, д.4, Москва;4;;;https://ostrovok.ru/hotel/russia/moscow/mid7467382/maxima_panorama_hotel/;https://ostrovok.ru/hotel/russia/moscow/?stars=5.4;ostrovok_listing
131;Отель Амато;Сыромятнический проезд, д.4 строение 2, Москва;4;;;https://ostrovok.ru/hotel/russia/moscow/mid10470292/amato_hotel/;https://ostrovok.ru/hotel/russia/moscow/?stars=5.4;ostrovok_listing
132;Отель На Казачьем;1-й Казачий переулок, д.4, Москва;4;;;https://ostrovok.ru/hotel/russia/moscow/mid7594715/hotel_in_kazachy_pereulok/;https://ostrovok.ru/hotel/russia/moscow/?stars=5.4;ostrovok_listing
133;Бутик-отель Axis.Moscow Heritage;улица Покровка, д. 10, стр. 1, Москва;4;;;https://ostrovok.ru/hotel/russia/moscow/mid11292139/axismoscow_heritage_aparthotel/;https://ostrovok.ru/hotel/russia/moscow/?stars=5.4;ostrovok_listing
134;Отель Райкин Плаза;Улица Шереметьевская, д. 6, к. 1, Москва;4;;;https://ostrovok.ru/hotel/russia/moscow/mid7930655/raikin_plaza_hotel/;https://ostrovok.ru/hotel/russia/moscow/?stars=5.4;ostrovok_listing
135;Бутик-отель Семь Слонов;ул. Маросейка , 7/8 стр.1, Москва;4;;;https://ostrovok.ru/hotel/russia/moscow/mid13108661/7_slonov_boutique_hotel/;https://ostrovok.ru/hotel/russia/moscow/?stars=5.4;ostrovok_listing
136;Отель Garden Embassy;Ботанический переулок, д. 5, Москва;4;;;https://ostrovok.ru/hotel/russia/moscow/mid6344236/garden_embassy_apartments/;https://ostrovok.ru/hotel/russia/moscow/?stars=5.4;ostrovok_listing
137;Отель Barvikha Hotel&SPA;Рублёво-Успенское шоссе, 114/3, Барвиха;5;;;https://ostrovok.ru/hotel/russia/moscow/mid7404974/barvikha_otel_i_spa/;https://ostrovok.ru/hotel/russia/moscow/?stars=5.4;ostrovok_listing
138;Отель Севастополь Гранд Классик;улица Большая Юшуньская, д. 1А к1, Москва;4;;;https://ostrovok.ru/hotel/russia/moscow/mid7625812/sevastopol_hotel_bld2/;https://ostrovok.ru/hotel/russia/moscow/?stars=5.4;ostrovok_listing
139;Гринвуд Отель;МКАД, 72, бизнес-центр «Гринвуд», строение 24, Москва;4;;;https://ostrovok.ru/hotel/russia/moscow/mid7624861/melior_greenwood_hotel/;https://ostrovok.ru/hotel/russia/moscow/?stars=5.4;ostrovok_listing
140;Отель East Gate;пр. Ленина, д. 25, Балашиха;4;;;https://ostrovok.ru/hotel/russia/moscow/mid7778713/east_gate_hotel/;https://ostrovok.ru/hotel/russia/moscow/?stars=5.4;ostrovok_listing
141;Отель Кунь Лунь;Осташковское шоссе, вл52с4, Москва;4;;;https://ostrovok.ru/hotel/russia/moscow/mid10013909/kunlun/;https://ostrovok.ru/hotel/russia/moscow/?stars=5.4;ostrovok_listing
142;Легендарный отель Советский;Ленинградский проспект, д.32/2, Москва;4;;;https://ostrovok.ru/hotel/russia/moscow/mid7467335/sovetsky_historical_hotel/;https://ostrovok.ru/hotel/russia/moscow/?stars=5.4;ostrovok_listing
143;Дизайн-отель СтандАрт;бульвар Страстной, д.2, Москва;5;;;https://ostrovok.ru/hotel/russia/moscow/mid6783512/standart_hotel_moscow/;https://ostrovok.ru/hotel/russia/moscow/?stars=5.4;ostrovok_listing
144;Отель Волынское Конгресс-Парк;улица Староволынская, владение 9, стр. 1, Москва;4;;;https://ostrovok.ru/hotel/russia/moscow/mid7590591/congresspark_volynskoe_2/;https://ostrovok.ru/hotel/russia/moscow/?stars=5.4;ostrovok_listing
145;Отель Moscow Holiday;улица Мневники, дом 3, корп. 2, Москва;4;;;https://ostrovok.ru/hotel/russia/moscow/mid8664628/moscow_holiday_hotel/;https://ostrovok.ru/hotel/russia/moscow/?stars=5.4;ostrovok_listing
146;1 Арт Отель;Староалексеевская улица, д.20, Москва;4;;;https://ostrovok.ru/hotel/russia/moscow/mid9764903/1_art_hotel/;https://ostrovok.ru/hotel/russia/moscow/?stars=5.4;ostrovok_listing
147;Гостиница Апарт-отель Raido.Moscow History;Ходынский бульвар, д.2, Москва;4;;;https://ostrovok.ru/hotel/russia/moscow/mid13099355/moscow_history_apartments/;https://ostrovok.ru/hotel/russia/moscow/?stars=5.4;ostrovok_listing
148;Мини-отель Дом Художников Коровиных;Товарищеский переулок, д.24, стр.4, Москва;4;;;https://ostrovok.ru/hotel/russia/moscow/mid13122954/dom_khudozhnikov_korovinykh_minihotel/;https://ostrovok.ru/hotel/russia/moscow/?stars=5.4;ostrovok_listing
149;Града Бутик Отель;ул. Кузнецкий мост, д.6/3, корп.3, Москва;4;;;https://ostrovok.ru/hotel/russia/moscow/mid8853263/grada_boutique_hotel_ex_kyznetskiy_inn_hotel/;https://ostrovok.ru/hotel/russia/moscow/?stars=5.4;ostrovok_listing
150;Отель Magic Harp;Лялин переулок, 3с3, Москва;4;;;https://ostrovok.ru/hotel/russia/moscow/mid11020434/magic_harp_hotel/;https://ostrovok.ru/hotel/russia/moscow/?stars=5.4;ostrovok_listing
151;Cosmos Москва Шереметьево Аэропорт Отель;шоссе Международное, владение 1а, Химки;4;;;https://ostrovok.ru/hotel/russia/moscow/mid7597228/park_inn_by_radisson_sheremetyevo_airport_moscow/;https://ostrovok.ru/hotel/russia/moscow/?stars=5.4;ostrovok_listing
152;Апарт-отель Mamaison All-Suites Spa Pokrovka Moscow;ул. Покровка, д. 40 стр. 2, Москва;5;;;https://ostrovok.ru/hotel/russia/moscow/mid7590428/mamaison_allsuites_spa_hotel_pokrovka/;https://ostrovok.ru/hotel/russia/moscow/?stars=5.4;ostrovok_listing
153;Бутик-Отель П 17 / P 17 Hotel;улица Петровка, д. 17, строение 1, Москва;4;;;https://ostrovok.ru/hotel/russia/moscow/mid9741283/p_17_hotel/;https://ostrovok.ru/hotel/russia/moscow/?stars=5.4;ostrovok_listing
154;Отель Графский;улица Льва Толстого, дом 23, строение 5, Москва;4;;;https://ostrovok.ru/hotel/russia/moscow/mid8660400/hotel_grafskij/;https://ostrovok.ru/hotel/russia/moscow/?stars=5.4;ostrovok_listing
155;Отель Амбассадори;Улица Остоженка 32, строение 1, Москва;4;;;https://ostrovok.ru/hotel/russia/moscow/mid7464651/kebur_palace_2/;https://ostrovok.ru/hotel/russia/moscow/?stars=5.4;ostrovok_listing
156;Отель Фуд Сити;Калужское шоссе, 22-й километр, д.10с23, Москва;4;;;https://ostrovok.ru/hotel/russia/moscow/mid9761064/fud_siti_hotel/;https://ostrovok.ru/hotel/russia/moscow/?stars=5.4;ostrovok_listing
157;Гостиница Даниловская;Большой Староданиловский переулок, д.5, Москва;4;;;https://ostrovok.ru/hotel/russia/moscow/mid7378628/danilovskaya_2/;https://ostrovok.ru/hotel/russia/moscow/?stars=5.4;ostrovok_listing
158;Принц Парк Отель;Новоясеневский проспект, д.1 Б, корп. 1, Москва;4;;;https://ostrovok.ru/hotel/russia/moscow/mid6458819/prince_park_hotel_/;https://ostrovok.ru/hotel/russia/moscow/?stars=5.4;ostrovok_listing
159;Отель Немчиновка-парк;улица 2-я Запрудная, д. 46, Немчиновка;4;;;https://ostrovok.ru/hotel/russia/moscow/mid7715901/otel_nemchinovkapark/;https://ostrovok.ru/hotel/russia/moscow/?stars=5.4;ostrovok_listing
160;Отель ПостоялецЪ;улица Свободы, д. 1, Одинцово;4;;;https://ostrovok.ru/hotel/russia/moscow/mid7969166/postoyalets_hotel/;https://ostrovok.ru/hotel/russia/moscow/?stars=5.4;ostrovok_listing
161;Сити Отель 1905;Шмитовский проезд, д. 3, строение 1, Москва;4;;;https://ostrovok.ru/hotel/russia/moscow/mid8869200/city_hotel_1905/;https://ostrovok.ru/hotel/russia/moscow/?stars=5.4;ostrovok_listing
162;Отель Садовое Кольцо;Пр-т Мира, д. 14, стр. 2, Москва;5;;;https://ostrovok.ru/hotel/russia/moscow/mid7394603/sadovoe_koltso_hotel/;https://ostrovok.ru/hotel/russia/moscow/?stars=5.4;ostrovok_listing
163;Отель Sadovnicheskaya City Center;Садовническая улица, д. 20, стр. 1, Москва;4;;;https://ostrovok.ru/hotel/russia/moscow/mid9997889/sadovnicheskaya_city_center_2/;https://ostrovok.ru/hotel/russia/moscow/?stars=5.4;ostrovok_listing
164;Отель Садовническая;улица Садовническая , д.20, стр.1, Москва;4;;;https://ostrovok.ru/hotel/russia/moscow/mid8660616/sadovnicheskaya/;https://ostrovok.ru/hotel/russia/moscow/?stars=5.4;ostrovok_listing
165;Отель Gentalion;улица 1-я Брестская, д. 38, стр. 1, Москва;4;;;https://ostrovok.ru/hotel/russia/moscow/mid7779256/otel_gentalion/;https://ostrovok.ru/hotel/russia/moscow/?stars=5.4;ostrovok_listing
166;Мини-отель Гнёздышко;Пер. Малый Гнездниковский д. 9 с. 1, Москва;4;;;https://ostrovok.ru/hotel/russia/moscow/mid10125619/gnyozdyshko_minihotel/;https://ostrovok.ru/hotel/russia/moscow/?stars=5.4;ostrovok_listing
167;Отель Norke Prime Курская;переулок Яковоапостольский, д. 9/3, Москва;4;;;https://ostrovok.ru/hotel/russia/moscow/mid10272479/hotel_norke_prime_kurskaya/;https://ostrovok.ru/hotel/russia/moscow/?stars=5.4;ostrovok_listing
168;Отель Курортно - развлекательный комплекс Внуково Вилладж (Vnukovo Village);д. Картмазово, ул. Киевская, д. 4, Картмазово;4;;;https://ostrovok.ru/hotel/russia/moscow/mid13392663/hotel_kurortno_razvlekatelny_kompleks_vnukovo_villadzh_vnukovo_village/;https://ostrovok.ru/hotel/russia/moscow/?stars=5.4;ostrovok_listing
169;Отель Меншиков;Архангельский переулок, д.15, стр. 3, Москва;4;;;https://ostrovok.ru/hotel/russia/moscow/mid9005421/menshikov_boutique_hotel/;https://ostrovok.ru/hotel/russia/moscow/?stars=5.4;ostrovok_listing
170;Soderis Residence & Spa;2-я Бородинская улица, 20, Москва;4;;;https://ostrovok.ru/hotel/russia/moscow/mid9209124/soderis_residence_spa_hotel/;https://ostrovok.ru/hotel/russia/moscow/?stars=5.4;ostrovok_listing
171;Отель Sunflower Внуково ZONT Hotel Group;улица Хабарова, д. 2, вход 2, этаж 6, Московский;4;;;https://ostrovok.ru/hotel/russia/moscow/mid8748293/inside_moskovskiy/;https://ostrovok.ru/hotel/russia/moscow/?stars=5.4;ostrovok_listing
172;Апарт-отель «﻿На высоте﻿»;улица Мосфильмовская, дом 74Б, Москва;4;;;https://ostrovok.ru/hotel/russia/moscow/mid9210977/panorama_aparthotel/;https://ostrovok.ru/hotel/russia/moscow/?stars=5.4;ostrovok_listing
173;Отель Набат;улица Арбат, д.28/1 ст.2, Москва;4;;;https://ostrovok.ru/hotel/russia/moscow/mid9091240/nabat_palace_arbat_hotel/;https://ostrovok.ru/hotel/russia/moscow/?stars=5.4;ostrovok_listing
174;Отель Дворец Ирины Винер;улица Лужники, д.24, стр.24, Москва;4;;;https://ostrovok.ru/hotel/russia/moscow/mid9721453/dvorets_gimnastiki_irinyi_vinerusmanovoj_hotel/;https://ostrovok.ru/hotel/russia/moscow/?stars=5.4;ostrovok_listing
175;Отель ApeironSpace;Раушская набережная, д. 4/5, 1, Москва;4;;;https://ostrovok.ru/hotel/russia/moscow/mid10627179/apeironspace_hotel/;https://ostrovok.ru/hotel/russia/moscow/?stars=5.4;ostrovok_listing
176;AZIMUT Сити Отель Комсити Москва;Киевское шоссе, 22-й километр, 6А с3, Москва;4;;;https://ostrovok.ru/hotel/russia/moscow/mid10292782/hotel_azimut_siti_hotel_komsiti_moskva/;https://ostrovok.ru/hotel/russia/moscow/?stars=5.4;ostrovok_listing
177;Отель Хитровка;Певческий переулок, д.4, стр.1, Москва;4;;;https://ostrovok.ru/hotel/russia/moscow/mid7660730/hitrovka_hotel_2/;https://ostrovok.ru/hotel/russia/moscow/?stars=5.4;ostrovok_listing
178;Отель MYS BOUTIQUE HOTEL;Кривоколенный переулок, дом 10, строение 4, Москва;5;;;https://ostrovok.ru/hotel/russia/moscow/mid10674888/mys_boutiqueotel/;https://ostrovok.ru/hotel/russia/moscow/?stars=5.4;ostrovok_listing
179;Апарт-отель Ханой-Москва;Ярославское шоссе, д. 146/2, Москва;4;;;https://ostrovok.ru/hotel/russia/moscow/mid8495398/in_mfk_hanoymoskva_aparthotel/;https://ostrovok.ru/hotel/russia/moscow/?stars=5.4;ostrovok_listing
180;Отель Рига Ленд;26 км автодороги «Балтия» стр. 6, БЦ «РигаЛенд», Москва;4;;;https://ostrovok.ru/hotel/russia/moscow/mid8337574/gostinitsa_rigaland/;https://ostrovok.ru/hotel/russia/moscow/?stars=5.4;ostrovok_listing
181;Бутик-Отель Арбат 6;улица Арбат, д.6/2, Москва;4;;;https://ostrovok.ru/hotel/russia/moscow/mid8745238/arbat_6_hotel/;https://ostrovok.ru/hotel/russia/moscow/?stars=5.4;ostrovok_listing
182;Отель Лесной Кантри Хауз;поселок Лесной городок, улица Школьная, д. 6 А, Москва;4;;;https://ostrovok.ru/hotel/russia/moscow/mid8744327/lesnoy_country_house_hotel/;https://ostrovok.ru/hotel/russia/moscow/?stars=5.4;ostrovok_listing
183;Апарт-отель Гринстоун;Россия, Москва, ул. Большая Переяславская, д. 14, стр. 1, Москва;4;;;https://ostrovok.ru/hotel/russia/moscow/mid10093965/greenstone_apartmens/;https://ostrovok.ru/hotel/russia/moscow/?stars=5.4;ostrovok_listing
184;Отель В.60;1-я Брестская улица, д.60, Москва;4;;;https://ostrovok.ru/hotel/russia/moscow/mid9823318/b60_hotel/;https://ostrovok.ru/hotel/russia/moscow/?stars=5.4;ostrovok_listing
185;Бутик-Отель Регул;Дегтярный переулок, д. 8/2, Москва;5;;;https://ostrovok.ru/hotel/russia/moscow/mid8848163/russkie_sezonyi/;https://ostrovok.ru/hotel/russia/moscow/?stars=5.4;ostrovok_listing
186;Боулинг-отель Новые Горки;мкр. Первомайский, ул. Мира д. 37, Королёв;4;;;https://ostrovok.ru/hotel/russia/moscow/mid7709714/boulingotel_novye_gorki/;https://ostrovok.ru/hotel/russia/moscow/?stars=5.4;ostrovok_listing
187;Апарт-отель Тета Измайлово;Окружной проезд, д.10Б помещ.529, Москва;4;;;https://ostrovok.ru/hotel/russia/moscow/mid13314245/teta_izmaylovo_hotel/;https://ostrovok.ru/hotel/russia/moscow/?stars=5.4;ostrovok_listing
188;Бутик-Отель Люмьер;улица Мясницкая, д. 16, помещ. 1/5, Москва;4;;;https://ostrovok.ru/hotel/russia/moscow/mid9084809/lyumer_butikhotel/;https://ostrovok.ru/hotel/russia/moscow/?stars=5.4;ostrovok_listing
189;Бутик-отель Румс;улица Николоямская, д. 38/23, Москва;5;;;https://ostrovok.ru/hotel/russia/moscow/mid8169297/otel_the_rooms/;https://ostrovok.ru/hotel/russia/moscow/?stars=5.4;ostrovok_listing
190;Апарт-Отель Веста;улица Трудовая, д.3а, Королёв;4;;;https://ostrovok.ru/hotel/russia/moscow/mid10161790/vesta_aparthotel/;https://ostrovok.ru/hotel/russia/moscow/?stars=5.4;ostrovok_listing
191;Отель Резиденция Булгакова;Большой Палашевский переулок, д.9 стр. 2, Москва;4;;;https://ostrovok.ru/hotel/russia/moscow/mid8737626/bulgakov_residence/;https://ostrovok.ru/hotel/russia/moscow/?stars=5.4;ostrovok_listing
192;Отель Grand Wellness Hotel & Spa 5*;ул. Гагарина, д. 23,Красногорский район, Николо-Урюпино;5;;;https://ostrovok.ru/hotel/russia/moscow/mid7999298/novahoff_geospa/;https://ostrovok.ru/hotel/russia/moscow/?stars=5.4;ostrovok_listing
193;Отель Грегори;улица Бауманская, д.58/3с5, Москва;4;;;https://ostrovok.ru/hotel/russia/moscow/mid13647491/gregori_hotel/;https://ostrovok.ru/hotel/russia/moscow/?stars=5.4;ostrovok_listing
194;Stella di Mosca by BVLGARI Hotels;Большая Никитская улица 9, Москва;5;;;https://ostrovok.ru/hotel/russia/moscow/mid11196975/hotel_stella_di_mosca/;https://ostrovok.ru/hotel/russia/moscow/?stars=5.4;ostrovok_listing
195;Апарт-отель Diamond Apartments;1 Красногвардейский проезд, д. 21/2, Москва;5;;;https://ostrovok.ru/hotel/russia/moscow/mid8869265/hotel_diamond_apartments/;https://ostrovok.ru/hotel/russia/moscow/?stars=5.4;ostrovok_listing
196;Отель Особняк 1830;Съезжинский переулок, д.10, строение 5, Москва;4;;;https://ostrovok.ru/hotel/russia/moscow/mid10213247/osobnyak_na_syezzhinskom_apartments_2/;https://ostrovok.ru/hotel/russia/moscow/?stars=5.4;ostrovok_listing
197;Отель Астро Плаза;проспект Ленинского Комсомола, 41, Видное;4;;;https://ostrovok.ru/hotel/russia/moscow/mid9091582/astro_plaza_hotel/;https://ostrovok.ru/hotel/russia/moscow/?stars=5.4;ostrovok_listing
198;Отель Времена Года;Большой Кисловский переулок 1, строение 2, Москва, Москва;4;;;https://ostrovok.ru/hotel/russia/moscow/mid7029613/vremena_goda_2/;https://ostrovok.ru/hotel/russia/moscow/?stars=5.4;ostrovok_listing
199;Отель Skypoint Gamma Delta Alfa;141402, г Москва, вн.тер.г. муниципальный округ Молжаниновский, ш Международное, д. 28Б, стр. 3, Москва;4;;;https://ostrovok.ru/hotel/russia/moscow/mid7770271/skypoint_hotel/;https://ostrovok.ru/hotel/russia/moscow/?stars=5.4;ostrovok_listing
200;Гостиница Памир-ТяньШань;улица Новая, д. 100, Сколково;4;;;https://ostrovok.ru/hotel/russia/moscow/mid8877200/hotel_pamir_tyanshyan/;https://ostrovok.ru/hotel/russia/moscow/?stars=5.4;ostrovok_listing
201;Отель Норд Стар;улица Свердлова, д.20/3, Химки;4;;;https://ostrovok.ru/hotel/russia/moscow/mid7853685/north_star_hotel/;https://ostrovok.ru/hotel/russia/moscow/?stars=5.4;ostrovok_listing
202;Апарт-отель Окно;Петровка улица, 26, стр. 3, Москва;4;;;https://ostrovok.ru/hotel/russia/moscow/mid13285109/apartment_hotel_okno_butik_aparthotel/;https://ostrovok.ru/hotel/russia/moscow/?stars=5.4;ostrovok_listing
203;Бутик Отель Брайтон;Петровско-Разумовский проезд, д.29, Москва;4;;;https://ostrovok.ru/hotel/russia/moscow/mid7400924/brighton_hotel/;https://ostrovok.ru/hotel/russia/moscow/?stars=5.4;ostrovok_listing
204;Москоу Кантри Клаб;Московская область, Красногорский район, Нахабино;5;;;https://ostrovok.ru/hotel/russia/moscow/mid7807955/moscow_country_club_8/;https://ostrovok.ru/hotel/russia/moscow/?stars=5.4;ostrovok_listing
205;Sheraton Skypoint Luxe;шоссе Международное, д.28Б, стр.5, Москва;5;;;https://ostrovok.ru/hotel/russia/moscow/mid8022376/sheraton_moscow_sheremetyevo_airport_hotel/;https://ostrovok.ru/hotel/russia/moscow/?stars=5.4;ostrovok_listing
206;Бутик-отель Казначейский;Большой Златоустинский переулок, д. 7с1, помещ. 1/Ч, Москва;4;;;https://ostrovok.ru/hotel/russia/moscow/mid11323757/kaznacheyskiy_boutique_hotel/;https://ostrovok.ru/hotel/russia/moscow/?stars=5.4;ostrovok_listing
207;Отель Плаза;Лухмановская улица, д.37, Москва;4;;;https://ostrovok.ru/hotel/russia/moscow/mid11202171/plaza_hotel_75/;https://ostrovok.ru/hotel/russia/moscow/?stars=5.4;ostrovok_listing
208;Отель Veshki Park;Липкинское шоссе, 2-й километр, вл. 7, стр. 1, Москва;4;;;https://ostrovok.ru/hotel/russia/moscow/mid6580436/veshki_park_hotel/;https://ostrovok.ru/hotel/russia/moscow/?stars=5.4;ostrovok_listing
209;Гостиница Кадашевская;набережная Кадашевская, д.26, Москва;4;;;https://ostrovok.ru/hotel/russia/moscow/mid7597455/kadashevskaya_hotel/;https://ostrovok.ru/hotel/russia/moscow/?stars=5.4;ostrovok_listing
210;Бутик-Отель Чемодановъ;улица Покровка, д.2/1 стр.1, Москва;4;;;https://ostrovok.ru/hotel/russia/moscow/mid8744325/chemodanov_butikhotel/;https://ostrovok.ru/hotel/russia/moscow/?stars=5.4;ostrovok_listing
211;Отель Ribella;улица 1-я Машиностроения, д.10, Москва;4;;;https://ostrovok.ru/hotel/russia/moscow/mid8846991/ribella/;https://ostrovok.ru/hotel/russia/moscow/?stars=5.4;ostrovok_listing
212;Апарт-отель Веста Подлипки;улица Грабина, д. 10б, Королёв;4;;;https://ostrovok.ru/hotel/russia/moscow/mid13290973/vesta_podlipki_apartment_hotel/;https://ostrovok.ru/hotel/russia/moscow/?stars=5.4;ostrovok_listing
213;Отель в Центре Гимнастики Ирины Винер-Усмановой;ул. Олимпийская 15, Центр гимнастики Ирины Винер, Новогорск, Химки;5;;;https://ostrovok.ru/hotel/russia/moscow/mid10613300/v_tsentre_gimnastiki_iriny_vinerusmanovoy_hotel/;https://ostrovok.ru/hotel/russia/moscow/?stars=5.4;ostrovok_listing
214;GOPARK Hotel;деревня Голиково, Шоссейная улица, стр. 4, Голиково;4;;;https://ostrovok.ru/hotel/russia/moscow/mid9250776/gopark_hotel/;https://ostrovok.ru/hotel/russia/moscow/?stars=5.4;ostrovok_listing
215;Отель Радио;улица Радио, д.14. строение 1, Москва;4;;;https://ostrovok.ru/hotel/russia/moscow/mid8854265/radio_hotel_2/;https://ostrovok.ru/hotel/russia/moscow/?stars=5.4;ostrovok_listing
216;Бутик-Отель Loft;улица Академика Легостаева, д.13, Королёв;4;;;https://ostrovok.ru/hotel/russia/moscow/mid8871248/loft_boutique_hotel_2/;https://ostrovok.ru/hotel/russia/moscow/?stars=5.4;ostrovok_listing
217;Гостиница Four Seasons Hotel Moscow;улица Охотный Ряд, д. 2, Москва;5;+7 499 277-71-00;https://fourseasons.com;https://ostrovok.ru/hotel/russia/moscow/mid6374284/four_seasons_hotel_moscow/;https://ostrovok.ru/hotel/russia/moscow/?stars=5.4;moscow_hotels_contacts.csv
218;База Отдыха Остров Рыболовная усадьба;Московская область, Ленинский район, село Остров, Новая ул., 1А, Остров;4;;;https://ostrovok.ru/hotel/russia/moscow/mid10268813/rybolovnaya_usadba_ostrov_2/;https://ostrovok.ru/hotel/russia/moscow/?stars=5.4;ostrovok_listing
219;Отель Репин;улица Репина, д.6, стр. 8, Химки;4;;;https://ostrovok.ru/hotel/russia/moscow/mid9209404/repin_2/;https://ostrovok.ru/hotel/russia/moscow/?stars=5.4;ostrovok_listing
220;Авторский Отель Паррадоссо;Настасьинский переулок, д. 8/1, Москва;5;;;https://ostrovok.ru/hotel/russia/moscow/mid9716237/avtorskij_hotel_parradosso/;https://ostrovok.ru/hotel/russia/moscow/?stars=5.4;ostrovok_listing
221;Апарт-отель Международная;Краснопресненская наб., 12, Москва, Москва;4;;;https://ostrovok.ru/hotel/russia/moscow/mid8748311/apartment_hotel_mezhdunarodnaya/;https://ostrovok.ru/hotel/russia/moscow/?stars=5.4;ostrovok_listing
222;Отель Везендорф ВДНХ;улица Проходчиков, д.16с1, Москва;4;;;https://ostrovok.ru/hotel/russia/moscow/mid6945292/hotel_wesendorf/;https://ostrovok.ru/hotel/russia/moscow/?stars=5.4;ostrovok_listing
223;Отель Городской Malvida;Таболово, д. 19а, Видное;4;;;https://ostrovok.ru/hotel/russia/moscow/mid8734795/malvida_hotel/;https://ostrovok.ru/hotel/russia/moscow/?stars=5.4;ostrovok_listing
224;Парк-Отель Орловский;Орловский проезд, строение 12, Богданиха;5;;;https://ostrovok.ru/hotel/russia/moscow/mid7700514/gostinichnyi_kompleks_orlovskii/;https://ostrovok.ru/hotel/russia/moscow/?stars=5.4;ostrovok_listing
225;Отель Истра Гарден;3-я Песчаная улица, д.2, Москва;4;;;https://ostrovok.ru/hotel/russia/moscow/mid9974554/istra_garden_otel/;https://ostrovok.ru/hotel/russia/moscow/?stars=5.4;ostrovok_listing
226;Парк-Отель Юдино;Одинцовский р-н, с.Юдино, 1б, Москва;4;;;https://ostrovok.ru/hotel/russia/moscow/mid8732812/yudino_parkhotel/;https://ostrovok.ru/hotel/russia/moscow/?stars=5.4;ostrovok_listing
227;Отель Протон;улица Новозаводская, д.22, Москва;4;;;https://ostrovok.ru/hotel/russia/moscow/mid7375866/proton_business_hotel/;https://ostrovok.ru/hotel/russia/moscow/?stars=5.4;ostrovok_listing
228;Отель Карлтон Москва;ул. Тверская, д. 3, Москва;5;;;https://ostrovok.ru/hotel/russia/moscow/mid7597420/ritz_carlton/;https://ostrovok.ru/hotel/russia/moscow/?stars=5.4;ostrovok_listing
229;Отель Панорама Сити Отель Федерация;"Пресненская набережная, 12, башня ""Федерация"" 53 этаж, Москва";4;;;https://ostrovok.ru/hotel/russia/moscow/mid9260156/panorama_city_federation/;https://ostrovok.ru/hotel/russia/moscow/?stars=5.4;ostrovok_listing
230;Отель Artiland;Новское шоссе, д.10, Балашиха;5;;;https://ostrovok.ru/hotel/russia/moscow/mid7967097/arti_land/;https://ostrovok.ru/hotel/russia/moscow/?stars=5.4;ostrovok_listing
231;Отель Malakhovka Palace;улица Красковский Обрыв, д.7, корп.1, Малаховка;5;;;https://ostrovok.ru/hotel/russia/moscow/mid13075160/malakhovka_palace_hotel/;https://ostrovok.ru/hotel/russia/moscow/?stars=5.4;ostrovok_listing
232;Отель Воронцовский;Воронцовский переулок, д.5/7 стр2, Москва;4;;;https://ostrovok.ru/hotel/russia/moscow/mid7724453/vorontsovsky_hotel/;https://ostrovok.ru/hotel/russia/moscow/?stars=5.4;ostrovok_listing
233;Отель Avshar;улица Ново-Никольская, д. 2Б, Красногорск;4;;;https://ostrovok.ru/hotel/russia/moscow/mid8455144/avshar_club_hotel_3/;https://ostrovok.ru/hotel/russia/moscow/?stars=5.4;ostrovok_listing
234;Отель Загородный комплекс Видная Усадьба.;Старо-Нагорная улица д.20А, Видное;4;;;https://ostrovok.ru/hotel/russia/moscow/mid9994505/vidnaya_usadba/;https://ostrovok.ru/hotel/russia/moscow/?stars=5.4;ostrovok_listing
235;Отель Теплица Парк;Липовая улица, д. 3а, ВНИИССОК;4;;;https://ostrovok.ru/hotel/russia/moscow/mid8851919/teplitsa_park/;https://ostrovok.ru/hotel/russia/moscow/?stars=5.4;ostrovok_listing
236;Business lounge hotel (Бизнес Лаундж Отель);ул. Мантулинская, д. 10 (подъезд 3, этаж 2), Москва;4;;;https://ostrovok.ru/hotel/russia/moscow/mid9988118/business_lounge_hotel/;https://ostrovok.ru/hotel/russia/moscow/?stars=5.4;ostrovok_listing
237;Отель Союз;улица Восточная, д.10, Одинцово;4;;;https://ostrovok.ru/hotel/russia/moscow/mid8879371/soyuz_hotel/;https://ostrovok.ru/hotel/russia/moscow/?stars=5.4;ostrovok_listing
238;Отель «Рихтер», участник Design Hotels;ул. Пятницкая, 42, Москва;5;;;https://ostrovok.ru/hotel/russia/moscow/mid8939679/richter_2/;https://ostrovok.ru/hotel/russia/moscow/?stars=5.4;ostrovok_listing
239;Отель Руссо-Балт;Гоголевский бул., 31, стр. 1, Москва, Москва;5;;;https://ostrovok.ru/hotel/russia/moscow/mid7777816/russo_balt_otel/;https://ostrovok.ru/hotel/russia/moscow/?stars=5.4;ostrovok_listing
240;Мини-отель РГК Алексеевский;Щёлковское шоссе, 3А, Балашиха;4;;;https://ostrovok.ru/hotel/russia/moscow/mid9990589/rgk_alekseevskij/;https://ostrovok.ru/hotel/russia/moscow/?stars=5.4;ostrovok_listing
241;Бутик-отель Twelve Reasons;улица Земляной Вал, д.56 / 3, Москва;4;;;https://ostrovok.ru/hotel/russia/moscow/mid10367887/twelve_reasons_butikhotel/;https://ostrovok.ru/hotel/russia/moscow/?stars=5.4;ostrovok_listing
242;Ъ (Знак);Оружейный переулок, д. 3, строение 1, Москва;4;;;https://ostrovok.ru/hotel/russia/moscow/mid11227231/hotel_znak/;https://ostrovok.ru/hotel/russia/moscow/?stars=5.4;ostrovok_listing
243;Гостиница Покровская;улица Таганская, 58 стр. 12, Москва;5;;;https://ostrovok.ru/hotel/russia/moscow/mid8621527/pokrov_convent_hotel/;https://ostrovok.ru/hotel/russia/moscow/?stars=5.4;ostrovok_listing
244;Романи;5-я Парковая ул., д. 28, лит. А, Москва;4;;;https://ostrovok.ru/hotel/russia/moscow/mid8568856/_0x60fd4/;https://ostrovok.ru/hotel/russia/moscow/?stars=5.4;ostrovok_listing
245;Гостинично-ресторанный комплекс Мэриан Холл;кв-л Щитниково, д. 36А, помещ. 2, Балашиха;4;;;https://ostrovok.ru/hotel/russia/moscow/mid8290228/marianhall/;https://ostrovok.ru/hotel/russia/moscow/?stars=5.4;ostrovok_listing
246;Отель Роял Зенит 1;улица Таманская, д. 49Б, Москва;4;;;https://ostrovok.ru/hotel/russia/moscow/mid7846982/royal_zenith/;https://ostrovok.ru/hotel/russia/moscow/?stars=5.4;ostrovok_listing
247;Отель Silky Way;ул. Ленина, 45, Октябрьский;4;;;https://ostrovok.ru/hotel/russia/moscow/mid7379349/butikotel_shelkovyi_put/;https://ostrovok.ru/hotel/russia/moscow/?stars=5.4;ostrovok_listing
248;Гостинично-оздоровительный комплекс Тропарёво;улица Академика Бакулева, д.3, Москва;4;;;https://ostrovok.ru/hotel/russia/moscow/mid6996685/gostinitsa_troparevo/;https://ostrovok.ru/hotel/russia/moscow/?stars=5.4;ostrovok_listing
249;Гостиница ВАРС;ул. Капотня, д. 34, Москва;4;;;https://ostrovok.ru/hotel/russia/moscow/mid6954172/gostinitsa_vars/;https://ostrovok.ru/hotel/russia/moscow/?stars=5.4;ostrovok_listing
250;Элит;Волгоградский пр-т, д.98, корп.1, Москва;4;;;https://ostrovok.ru/hotel/russia/moscow/mid6811604/elit_hotel_5/;https://ostrovok.ru/hotel/russia/moscow/?stars=5.4;ostrovok_listing
251;Мини-отель Фонда;улица Угрешская, д. 2, стр. 90, Москва;4;;;https://ostrovok.ru/hotel/russia/moscow/mid6388942/minihotel_fonda/;https://ostrovok.ru/hotel/russia/moscow/?stars=5.4;ostrovok_listing
252;Загородный комплекс Art Village Club;улица Рябиновая, д.1а, Химки;4;;;https://ostrovok.ru/hotel/russia/moscow/mid10161324/art_villge_club_hotel/;https://ostrovok.ru/hotel/russia/moscow/?stars=5.4;ostrovok_listing
253;Отель S7 Hotel;г. Домодедово,  мкрн. Авиационный, ул. Ильюшина, 1Б, Москва;4;;;https://ostrovok.ru/hotel/russia/moscow/mid10055706/s7_hotel_domodedovo/;https://ostrovok.ru/hotel/russia/moscow/?stars=5.4;ostrovok_listing
254;Бизнес-отель «Времена Года»;ул. Верхняя Радищевская, 14/21, Москва;4;;;https://ostrovok.ru/hotel/russia/moscow/mid7692949/hotel_radishchevskaya_at_taganka/;https://ostrovok.ru/hotel/russia/moscow/?stars=5.4;ostrovok_listing
255;Отель Яхт-Клуб Новый Берег;ул. Туристическая 10, Болтино;4;;;https://ostrovok.ru/hotel/russia/moscow/mid7383057/oteliakhtklub_novyi_bereg/;https://ostrovok.ru/hotel/russia/moscow/?stars=5.4;ostrovok_listing
256;Отель Панорама Сити Отель Империя;Пресненская набережная, д. 6, стр. 2, помещ.4808, Москва;4;;;https://ostrovok.ru/hotel/russia/moscow/mid6613941/panorama_siti/;https://ostrovok.ru/hotel/russia/moscow/?stars=5.4;ostrovok_listing
