holding;brand;position;name;linkedin;phone;email;telegram;source_url;notes
Rosinter Restaurants Holding;IL Патио;Директор по маркетингу бренда;Элла Нистратова;;;;;https://www.retail.ru/interviews/ella-nistratova-il-patio-planiruem-otkryt-minimum-15-restoranov-vklyuchaya-flagman-na-nikolskoy/;"Бренд-директор IL Патио; также СВП холдинга по маркетингу"
Novikov Group;Сыроварня;Контакты управления (сводка);(см. contacts.csv — холдинг);;;;;;"Именные управляющие/HR/event-менеджеры отдельных ресторанов в открытом доступе не найдены; используйте контакты холдинга"
Novikov Group;Магадан;Контакты управления (сводка);(см. contacts.csv — холдинг);;;;;;"Именные управляющие/HR/event-менеджеры отдельных ресторанов в открытом доступе не найдены; используйте контакты холдинга"
Novikov Group;Farш;Контакты управления (сводка);(см. contacts.csv — холдинг);;;;;;"Именные управляющие/HR/event-менеджеры отдельных ресторанов в открытом доступе не найдены; используйте контакты холдинга"
Novikov Group;5642 Высота;Контакты управления (сводка);(см. contacts.csv — холдинг);;;;;;"Именные управляющие/HR/event-менеджеры отдельных ресторанов в открытом доступе не найдены; используйте контакты холдинга"
Novikov Group;Колбасный Цех;Контакты управления (сводка);(см. contacts.csv — холдинг);;;;;;"Именные управляющие/HR/event-менеджеры отдельных ресторанов в открытом доступе не найдены; используйте контакты холдинга"
Novikov Group;Клёво;Контакты управления (сводка);(см. contacts.csv — холдинг);;;;;;"Именные управляющие/HR/event-менеджеры отдельных ресторанов в открытом доступе не найдены; используйте контакты холдинга"
Novikov Group;Savva;Контакты управления (сводка);(см. contacts.csv — холдинг);;;;;;"Именные управляющие/HR/event-менеджеры отдельных ресторанов в открытом доступе не найдены; используйте контакты холдинга"
Novikov Group;Onest;Контакты управления (сводка);(см. contacts.csv — холдинг);;;;;;"Именные управляющие/HR/event-менеджеры отдельных ресторанов в открытом доступе не найдены; используйте контакты холдинга"
Novikov Group;ARTEST;Контакты управления (сводка);(см. contacts.csv — холдинг);;;;;;"Именные управляющие/HR/event-менеджеры отдельных ресторанов в открытом доступе не найдены; используйте контакты холдинга"
Novikov Group;Sirena;Контакты управления (сводка);(см. contacts.csv — холдинг);;;;;;"Именные управляющие/HR/event-менеджеры отдельных ресторанов в открытом доступе не найдены; используйте контакты холдинга"
Novikov Group;Царская Охота;Контакты управления (сводка);(см. contacts.csv — холдинг);;;;;;"Именные управляющие/HR/event-менеджеры отдельных ресторанов в открытом доступе не найдены; используйте контакты холдинга"
Novikov Group;Аист;Контакты управления (сводка);(см. contacts.csv — холдинг);;;;;;"Именные управляющие/HR/event-менеджеры отдельных ресторанов в открытом доступе не найдены; используйте контакты холдинга"
Novikov Group;Узбекистан;Контакты управления (сводка);(см. contacts.csv — холдинг);;;;;;"Именные управляющие/HR/event-менеджеры отдельных ресторанов в открытом доступе не найдены; используйте контакты холдинга"
Novikov Group;Причал;Контакты управления (сводка);(см. contacts.csv — холдинг);;;;;;"Именные управляющие/HR/event-менеджеры отдельных ресторанов в открытом доступе не найдены; используйте контакты холдинга"
Novikov Group;China Club;Контакты управления (сводка);(см. contacts.csv — холдинг);;;;;;"Именные управляющие/HR/event-менеджеры отдельных ресторанов в открытом доступе не найдены; используйте контакты холдинга"
Novikov Group;Mr. Lee;Контакты управления (сводка);(см. contacts.csv — холдинг);;;;;;"Именные управляющие/HR/event-менеджеры отдельных ресторанов в открытом доступе не найдены; используйте контакты холдинга"
Novikov Group;Fumisawa Sushi;Контакты управления (сводка);(см. contacts.csv — холдинг);;;;;;"Именные управляющие/HR/event-менеджеры отдельных ресторанов в открытом доступе не найдены; используйте контакты холдинга"
Novikov Group;Cantinetta Antinori;Контакты управления (сводка);(см. contacts.csv — холдинг);;;;;;"Именные управляющие/HR/event-менеджеры отдельных ресторанов в открытом доступе не найдены; используйте контакты холдинга"
Novikov Group;Assunta Madre;Контакты управления (сводка);(см. contacts.csv — холдинг);;;;;;"Именные управляющие/HR/event-менеджеры отдельных ресторанов в открытом доступе не найдены; используйте контакты холдинга"
Novikov Group;Рыбы Нет;Контакты управления (сводка);(см. contacts.csv — холдинг);;;;;;"Именные управляющие/HR/event-менеджеры отдельных ресторанов в открытом доступе не найдены; используйте контакты холдинга"
Novikov Group;BRO&N;Контакты управления (сводка);(см. contacts.csv — холдинг);;;;;;"Именные управляющие/HR/event-менеджеры отдельных ресторанов в открытом доступе не найдены; используйте контакты холдинга"
Novikov Group;Недальний Восток;Контакты управления (сводка);(см. contacts.csv — холдинг);;;;;;"Именные управляющие/HR/event-менеджеры отдельных ресторанов в открытом доступе не найдены; используйте контакты холдинга"
Novikov Group;Kaifuso;Контакты управления (сводка);(см. contacts.csv — холдинг);;;;;;"Именные управляющие/HR/event-менеджеры отдельных ресторанов в открытом доступе не найдены; используйте контакты холдинга"
Novikov Group;Brasserie Кузнецкий Мост;Контакты управления (сводка);(см. contacts.csv — холдинг);;;;;;"Именные управляющие/HR/event-менеджеры отдельных ресторанов в открытом доступе не найдены; используйте контакты холдинга"
Novikov Group;№13 Restaurant;Контакты управления (сводка);(см. contacts.csv — холдинг);;;;;;"Именные управляющие/HR/event-менеджеры отдельных ресторанов в открытом доступе не найдены; используйте контакты холдинга"
Novikov Group;Lali;Контакты управления (сводка);(см. contacts.csv — холдинг);;;;;;"Именные управляющие/HR/event-менеджеры отдельных ресторанов в открытом доступе не найдены; используйте контакты холдинга"
Novikov Group;PRO.Хинкали;Контакты управления (сводка);(см. contacts.csv — холдинг);;;;;;"Именные управляющие/HR/event-менеджеры отдельных ресторанов в открытом доступе не найдены; используйте контакты холдинга"
Novikov Group;Pro.Мидии;Контакты управления (сводка);(см. contacts.csv — холдинг);;;;;;"Именные управляющие/HR/event-менеджеры отдельных ресторанов в открытом доступе не найдены; используйте контакты холдинга"
Novikov Group;Сорренто;Контакты управления (сводка);(см. contacts.csv — холдинг);;;;;;"Именные управляющие/HR/event-менеджеры отдельных ресторанов в открытом доступе не найдены; используйте контакты холдинга"
Novikov Group;Южанин;Контакты управления (сводка);(см. contacts.csv — холдинг);;;;;;"Именные управляющие/HR/event-менеджеры отдельных ресторанов в открытом доступе не найдены; используйте контакты холдинга"
Novikov Group;Avocado Queen;Контакты управления (сводка);(см. contacts.csv — холдинг);;;;;;"Именные управляющие/HR/event-менеджеры отдельных ресторанов в открытом доступе не найдены; используйте контакты холдинга"
Ginza Project;Buono;Контакты управления (сводка);(см. contacts.csv — холдинг);;;;;;"Именные управляющие/HR/event-менеджеры отдельных ресторанов в открытом доступе не найдены; используйте контакты холдинга"
Ginza Project;Butler;Контакты управления (сводка);(см. contacts.csv — холдинг);;;;;;"Именные управляющие/HR/event-менеджеры отдельных ресторанов в открытом доступе не найдены; используйте контакты холдинга"
Ginza Project;Christian;Контакты управления (сводка);(см. contacts.csv — холдинг);;;;;;"Именные управляющие/HR/event-менеджеры отдельных ресторанов в открытом доступе не найдены; используйте контакты холдинга"
Ginza Project;Sixty;Контакты управления (сводка);(см. contacts.csv — холдинг);;;;;;"Именные управляющие/HR/event-менеджеры отдельных ресторанов в открытом доступе не найдены; используйте контакты холдинга"
Ginza Project;Uilliam's;Контакты управления (сводка);(см. contacts.csv — холдинг);;;;;;"Именные управляющие/HR/event-менеджеры отдельных ресторанов в открытом доступе не найдены; используйте контакты холдинга"
Ginza Project;AQ Kitchen;Контакты управления (сводка);(см. contacts.csv — холдинг);;;;;;"Именные управляющие/HR/event-менеджеры отдельных ресторанов в открытом доступе не найдены; используйте контакты холдинга"
Ginza Project;Рыбторг;Контакты управления (сводка);(см. contacts.csv — холдинг);;;;;;"Именные управляющие/HR/event-менеджеры отдельных ресторанов в открытом доступе не найдены; используйте контакты холдинга"
Ginza Project;Рыбторг Seafood Bar;Контакты управления (сводка);(см. contacts.csv — холдинг);;;;;;"Именные управляющие/HR/event-менеджеры отдельных ресторанов в открытом доступе не найдены; используйте контакты холдинга"
Ginza Project;Mari Vanna;Контакты управления (сводка);(см. contacts.csv — холдинг);;;;;;"Именные управляющие/HR/event-менеджеры отдельных ресторанов в открытом доступе не найдены; используйте контакты холдинга"
Ginza Project;Пряности & Радости;Контакты управления (сводка);(см. contacts.csv — холдинг);;;;;;"Именные управляющие/HR/event-менеджеры отдельных ресторанов в открытом доступе не найдены; используйте контакты холдинга"
Ginza Project;Мансарда;Контакты управления (сводка);(см. contacts.csv — холдинг);;;;;;"Именные управляющие/HR/event-менеджеры отдельных ресторанов в открытом доступе не найдены; используйте контакты холдинга"
Ginza Project;Terrassa;Контакты управления (сводка);(см. contacts.csv — холдинг);;;;;;"Именные управляющие/HR/event-менеджеры отдельных ресторанов в открытом доступе не найдены; используйте контакты холдинга"
Ginza Project;Ribay;Контакты управления (сводка);(см. contacts.csv — холдинг);;;;;;"Именные управляющие/HR/event-менеджеры отдельных ресторанов в открытом доступе не найдены; используйте контакты холдинга"
Ginza Project;Хочу Харчо;Контакты управления (сводка);(см. contacts.csv — холдинг);;;;;;"Именные управляющие/HR/event-менеджеры отдельных ресторанов в открытом доступе не найдены; используйте контакты холдинга"
Ginza Project;МамаLыga;Контакты управления (сводка);(см. contacts.csv — холдинг);;;;;;"Именные управляющие/HR/event-менеджеры отдельных ресторанов в открытом доступе не найдены; используйте контакты холдинга"
Ginza Project;Suli Guli;Контакты управления (сводка);(см. contacts.csv — холдинг);;;;;;"Именные управляющие/HR/event-менеджеры отдельных ресторанов в открытом доступе не найдены; используйте контакты холдинга"
Ginza Project;Capuletti;Контакты управления (сводка);(см. contacts.csv — холдинг);;;;;;"Именные управляющие/HR/event-менеджеры отдельных ресторанов в открытом доступе не найдены; используйте контакты холдинга"
Ginza Project;Volga-Volga;Контакты управления (сводка);(см. contacts.csv — холдинг);;;;;;"Именные управляющие/HR/event-менеджеры отдельных ресторанов в открытом доступе не найдены; используйте контакты холдинга"
Ginza Project;Корюшка;Контакты управления (сводка);(см. contacts.csv — холдинг);;;;;;"Именные управляющие/HR/event-менеджеры отдельных ресторанов в открытом доступе не найдены; используйте контакты холдинга"
Ginza Project;Baklazhan;Контакты управления (сводка);(см. contacts.csv — холдинг);;;;;;"Именные управляющие/HR/event-менеджеры отдельных ресторанов в открытом доступе не найдены; используйте контакты холдинга"
Ginza Project;Jelsomino Cafe;Контакты управления (сводка);(см. contacts.csv — холдинг);;;;;;"Именные управляющие/HR/event-менеджеры отдельных ресторанов в открытом доступе не найдены; используйте контакты холдинга"
Ginza Project;Dandy Cafe;Контакты управления (сводка);(см. contacts.csv — холдинг);;;;;;"Именные управляющие/HR/event-менеджеры отдельных ресторанов в открытом доступе не найдены; используйте контакты холдинга"
Ginza Project;Puri;Контакты управления (сводка);(см. contacts.csv — холдинг);;;;;;"Именные управляющие/HR/event-менеджеры отдельных ресторанов в открытом доступе не найдены; используйте контакты холдинга"
Ginza Project;Moscow;Контакты управления (сводка);(см. contacts.csv — холдинг);;;;;;"Именные управляющие/HR/event-менеджеры отдельных ресторанов в открытом доступе не найдены; используйте контакты холдинга"
Ginza Project;Moskva;Контакты управления (сводка);(см. contacts.csv — холдинг);;;;;;"Именные управляющие/HR/event-менеджеры отдельных ресторанов в открытом доступе не найдены; используйте контакты холдинга"
Ginza Project;Katyusha;Контакты управления (сводка);(см. contacts.csv — холдинг);;;;;;"Именные управляющие/HR/event-менеджеры отдельных ресторанов в открытом доступе не найдены; используйте контакты холдинга"
Ginza Project;The Repa;Контакты управления (сводка);(см. contacts.csv — холдинг);;;;;;"Именные управляющие/HR/event-менеджеры отдельных ресторанов в открытом доступе не найдены; используйте контакты холдинга"
Ginza Project;Sunday Ginza;Контакты управления (сводка);(см. contacts.csv — холдинг);;;;;;"Именные управляющие/HR/event-менеджеры отдельных ресторанов в открытом доступе не найдены; используйте контакты холдинга"
Ginza Project;Kukumber;Контакты управления (сводка);(см. contacts.csv — холдинг);;;;;;"Именные управляющие/HR/event-менеджеры отдельных ресторанов в открытом доступе не найдены; используйте контакты холдинга"
Ginza Project;Plyushkin;Контакты управления (сводка);(см. contacts.csv — холдинг);;;;;;"Именные управляющие/HR/event-менеджеры отдельных ресторанов в открытом доступе не найдены; используйте контакты холдинга"
Ginza Project;LarisuVannuHochu;Контакты управления (сводка);(см. contacts.csv — холдинг);;;;;;"Именные управляющие/HR/event-менеджеры отдельных ресторанов в открытом доступе не найдены; используйте контакты холдинга"
Pinskiy & Co;AVA;Контакты управления (сводка);(см. contacts.csv — холдинг);;;;;;"Именные управляющие/HR/event-менеджеры отдельных ресторанов в открытом доступе не найдены; используйте контакты холдинга"
Pinskiy & Co;Loona;Контакты управления (сводка);(см. contacts.csv — холдинг);;;;;;"Именные управляющие/HR/event-менеджеры отдельных ресторанов в открытом доступе не найдены; используйте контакты холдинга"
Pinskiy & Co;Patriki;Контакты управления (сводка);(см. contacts.csv — холдинг);;;;;;"Именные управляющие/HR/event-менеджеры отдельных ресторанов в открытом доступе не найдены; используйте контакты холдинга"
Pinskiy & Co;Folk;Контакты управления (сводка);(см. contacts.csv — холдинг);;;;;;"Именные управляющие/HR/event-менеджеры отдельных ресторанов в открытом доступе не найдены; используйте контакты холдинга"
Pinskiy & Co;Amber;Контакты управления (сводка);(см. contacts.csv — холдинг);;;;;;"Именные управляющие/HR/event-менеджеры отдельных ресторанов в открытом доступе не найдены; используйте контакты холдинга"
Pinskiy & Co;Simach;Контакты управления (сводка);(см. contacts.csv — холдинг);;;;;;"Именные управляющие/HR/event-менеджеры отдельных ресторанов в открытом доступе не найдены; используйте контакты холдинга"
Pinskiy & Co;Phantom;Контакты управления (сводка);(см. contacts.csv — холдинг);;;;;;"Именные управляющие/HR/event-менеджеры отдельных ресторанов в открытом доступе не найдены; используйте контакты холдинга"
Pinskiy & Co;The Greeks;Контакты управления (сводка);(см. contacts.csv — холдинг);;;;;;"Именные управляющие/HR/event-менеджеры отдельных ресторанов в открытом доступе не найдены; используйте контакты холдинга"
Pinskiy & Co;Queens;Контакты управления (сводка);(см. contacts.csv — холдинг);;;;;;"Именные управляющие/HR/event-менеджеры отдельных ресторанов в открытом доступе не найдены; используйте контакты холдинга"
Pinskiy & Co;Medusa Asia;Контакты управления (сводка);(см. contacts.csv — холдинг);;;;;;"Именные управляющие/HR/event-менеджеры отдельных ресторанов в открытом доступе не найдены; используйте контакты холдинга"
Pinskiy & Co;Rocky2;Контакты управления (сводка);(см. contacts.csv — холдинг);;;;;;"Именные управляющие/HR/event-менеджеры отдельных ресторанов в открытом доступе не найдены; используйте контакты холдинга"
Pinskiy & Co;Narnia;Контакты управления (сводка);(см. contacts.csv — холдинг);;;;;;"Именные управляющие/HR/event-менеджеры отдельных ресторанов в открытом доступе не найдены; используйте контакты холдинга"
Pinskiy & Co;Blondie;Контакты управления (сводка);(см. contacts.csv — холдинг);;;;;;"Именные управляющие/HR/event-менеджеры отдельных ресторанов в открытом доступе не найдены; используйте контакты холдинга"
Pinskiy & Co;Restaurant №13;Контакты управления (сводка);(см. contacts.csv — холдинг);;;;;;"Именные управляющие/HR/event-менеджеры отдельных ресторанов в открытом доступе не найдены; используйте контакты холдинга"
Pinskiy & Co;Maya;Контакты управления (сводка);(см. contacts.csv — холдинг);;;;;;"Именные управляющие/HR/event-менеджеры отдельных ресторанов в открытом доступе не найдены; используйте контакты холдинга"
White Rabbit Family;White Rabbit;Контакты управления (сводка);(см. contacts.csv — холдинг);;;;;;"Именные управляющие/HR/event-менеджеры отдельных ресторанов в открытом доступе не найдены; используйте контакты холдинга"
White Rabbit Family;Selfie;Контакты управления (сводка);(см. contacts.csv — холдинг);;;;;;"Именные управляющие/HR/event-менеджеры отдельных ресторанов в открытом доступе не найдены; используйте контакты холдинга"
White Rabbit Family;Sakhalin;Контакты управления (сводка);(см. contacts.csv — холдинг);;;;;;"Именные управляющие/HR/event-менеджеры отдельных ресторанов в открытом доступе не найдены; используйте контакты холдинга"
White Rabbit Family;Luciano;Контакты управления (сводка);(см. contacts.csv — холдинг);;;;;;"Именные управляющие/HR/event-менеджеры отдельных ресторанов в открытом доступе не найдены; используйте контакты холдинга"
White Rabbit Family;Red Fox;Контакты управления (сводка);(см. contacts.csv — холдинг);;;;;;"Именные управляющие/HR/event-менеджеры отдельных ресторанов в открытом доступе не найдены; используйте контакты холдинга"
White Rabbit Family;Chicha;Контакты управления (сводка);(см. contacts.csv — холдинг);;;;;;"Именные управляющие/HR/event-менеджеры отдельных ресторанов в открытом доступе не найдены; используйте контакты холдинга"
White Rabbit Family;Tehnikum;Контакты управления (сводка);(см. contacts.csv — холдинг);;;;;;"Именные управляющие/HR/event-менеджеры отдельных ресторанов в открытом доступе не найдены; используйте контакты холдинга"
White Rabbit Family;Mushrooms;Контакты управления (сводка);(см. contacts.csv — холдинг);;;;;;"Именные управляющие/HR/event-менеджеры отдельных ресторанов в открытом доступе не найдены; используйте контакты холдинга"
White Rabbit Family;Zodiac;Контакты управления (сводка);(см. contacts.csv — холдинг);;;;;;"Именные управляющие/HR/event-менеджеры отдельных ресторанов в открытом доступе не найдены; используйте контакты холдинга"
White Rabbit Family;Горыныч;Контакты управления (сводка);(см. contacts.csv — холдинг);;;;;;"Именные управляющие/HR/event-менеджеры отдельных ресторанов в открытом доступе не найдены; используйте контакты холдинга"
White Rabbit Family;IKRA;Контакты управления (сводка);(см. contacts.csv — холдинг);;;;;;"Именные управляющие/HR/event-менеджеры отдельных ресторанов в открытом доступе не найдены; используйте контакты холдинга"
White Rabbit Family;Chef's Table;Контакты управления (сводка);(см. contacts.csv — холдинг);;;;;;"Именные управляющие/HR/event-менеджеры отдельных ресторанов в открытом доступе не найдены; используйте контакты холдинга"
White Rabbit Family;WA Garden;Контакты управления (сводка);(см. contacts.csv — холдинг);;;;;;"Именные управляющие/HR/event-менеджеры отдельных ресторанов в открытом доступе не найдены; используйте контакты холдинга"
Maison Dellos;Кафе Пушкинъ;Контакты управления (сводка);(см. contacts.csv — холдинг);;;;;;"Именные управляющие/HR/event-менеджеры отдельных ресторанов в открытом доступе не найдены; используйте контакты холдинга"
Maison Dellos;Турандот;Контакты управления (сводка);(см. contacts.csv — холдинг);;;;;;"Именные управляющие/HR/event-менеджеры отдельных ресторанов в открытом доступе не найдены; используйте контакты холдинга"
Maison Dellos;Шинок;Контакты управления (сводка);(см. contacts.csv — холдинг);;;;;;"Именные управляющие/HR/event-менеджеры отдельных ресторанов в открытом доступе не найдены; используйте контакты холдинга"
Maison Dellos;Казбек;Контакты управления (сводка);(см. contacts.csv — холдинг);;;;;;"Именные управляющие/HR/event-менеджеры отдельных ресторанов в открытом доступе не найдены; используйте контакты холдинга"
Maison Dellos;Волна;Контакты управления (сводка);(см. contacts.csv — холдинг);;;;;;"Именные управляющие/HR/event-менеджеры отдельных ресторанов в открытом доступе не найдены; используйте контакты холдинга"
Maison Dellos;Фаренгейт;Контакты управления (сводка);(см. contacts.csv — холдинг);;;;;;"Именные управляющие/HR/event-менеджеры отдельных ресторанов в открытом доступе не найдены; используйте контакты холдинга"
Maison Dellos;Му-Му;Контакты управления (сводка);(см. contacts.csv — холдинг);;;;;;"Именные управляющие/HR/event-менеджеры отдельных ресторанов в открытом доступе не найдены; используйте контакты холдинга"
Maison Dellos;Бочка;Контакты управления (сводка);(см. contacts.csv — холдинг);;;;;;"Именные управляющие/HR/event-менеджеры отдельных ресторанов в открытом доступе не найдены; используйте контакты холдинга"
Maison Dellos;Матрешка;Контакты управления (сводка);(см. contacts.csv — холдинг);;;;;;"Именные управляющие/HR/event-менеджеры отдельных ресторанов в открытом доступе не найдены; используйте контакты холдинга"
Maison Dellos;Orange 3;Контакты управления (сводка);(см. contacts.csv — холдинг);;;;;;"Именные управляющие/HR/event-менеджеры отдельных ресторанов в открытом доступе не найдены; используйте контакты холдинга"
Rosinter Restaurants Holding;IL Патио;Контакты управления (сводка);(см. contacts.csv — холдинг);;;;;;"Именные управляющие/HR/event-менеджеры отдельных ресторанов в открытом доступе не найдены; используйте контакты холдинга"
Rosinter Restaurants Holding;Планета Суши;Контакты управления (сводка);(см. contacts.csv — холдинг);;;;;;"Именные управляющие/HR/event-менеджеры отдельных ресторанов в открытом доступе не найдены; используйте контакты холдинга"
Rosinter Restaurants Holding;TGI Fridays;Контакты управления (сводка);(см. contacts.csv — холдинг);;;;;;"Именные управляющие/HR/event-менеджеры отдельных ресторанов в открытом доступе не найдены; используйте контакты холдинга"
Rosinter Restaurants Holding;Costa Coffee;Контакты управления (сводка);(см. contacts.csv — холдинг);;;;;;"Именные управляющие/HR/event-менеджеры отдельных ресторанов в открытом доступе не найдены; используйте контакты холдинга"
Rosinter Restaurants Holding;Американский Бар и Гриль;Контакты управления (сводка);(см. contacts.csv — холдинг);;;;;;"Именные управляющие/HR/event-менеджеры отдельных ресторанов в открытом доступе не найдены; используйте контакты холдинга"
Rosinter Restaurants Holding;Шикари;Контакты управления (сводка);(см. contacts.csv — холдинг);;;;;;"Именные управляющие/HR/event-менеджеры отдельных ресторанов в открытом доступе не найдены; используйте контакты холдинга"
Family Garden;Kitana;Контакты управления (сводка);(см. contacts.csv — холдинг);;;;;https://familygarden.su/about/;"Именные управляющие/HR/event-менеджеры отдельных ресторанов в открытом доступе не найдены; используйте контакты холдинга"
Family Garden;Ping Pong;Контакты управления (сводка);(см. contacts.csv — холдинг);;;;;https://familygarden.su/about/;"Именные управляющие/HR/event-менеджеры отдельных ресторанов в открытом доступе не найдены; используйте контакты холдинга"
Family Garden;321 Club;Контакты управления (сводка);(см. contacts.csv — холдинг);;;;;https://familygarden.su/about/;"Именные управляющие/HR/event-менеджеры отдельных ресторанов в открытом доступе не найдены; используйте контакты холдинга"
Family Garden;Mandarin Mall проекты;Контакты управления (сводка);(см. contacts.csv — холдинг);;;;;https://familygarden.su/about/;"Именные управляющие/HR/event-менеджеры отдельных ресторанов в открытом доступе не найдены; используйте контакты холдинга"
