id;option_value;name;source_url
1;;Управляющая компания;https://www.novikovgroup.ru/contacts/
2;HL_ELEM/1;обращение по дисконтным картам;https://www.novikovgroup.ru/contacts/
3;94651;321 CLUB;https://www.novikovgroup.ru/contacts/
4;110181;5642 Высота Архыз;https://www.novikovgroup.ru/contacts/
5;16498;5642 Высота на Большом Черкасском;https://www.novikovgroup.ru/contacts/
6;110991;IMA;https://www.novikovgroup.ru/contacts/
7;HL_ELEM/3;обращения в HR отдел;https://www.novikovgroup.ru/contacts/
8;100188;5642 Высота;https://www.novikovgroup.ru/contacts/
9;93265;5642 Высота Екатеринбург;https://www.novikovgroup.ru/contacts/
10;16501;5642 Высота Кисловодск;https://www.novikovgroup.ru/contacts/
11;94723;5642 Высота Ростов-на-Дону;https://www.novikovgroup.ru/contacts/
12;16500;5642 Высота Сочи;https://www.novikovgroup.ru/contacts/
13;87137;5642 Высота Якиманка;https://www.novikovgroup.ru/contacts/
14;106396;KAIFUSO;https://www.novikovgroup.ru/contacts/
15;HL_ELEM/2;обращения по подарочным сертификатам;https://www.novikovgroup.ru/contacts/
16;16459;№13;https://www.novikovgroup.ru/contacts/
17;HL_ELEM/4;обращения отдел закупок;https://www.novikovgroup.ru/contacts/
18;57300;Aqua Cafe;https://www.novikovgroup.ru/contacts/
19;HL_ELEM/5;обращения по покупке франшизы;https://www.novikovgroup.ru/contacts/
20;1114;Aquamarine;https://www.novikovgroup.ru/contacts/
21;58545;Assunta Madre;https://www.novikovgroup.ru/contacts/
22;57377;Avocado Queen Ереван;https://www.novikovgroup.ru/contacts/
23;16508;Avocado Queen Ростов-на-Дону;https://www.novikovgroup.ru/contacts/
24;53706;Avocado Queen Санкт-Петербург;https://www.novikovgroup.ru/contacts/
25;101438;Brasserie «Кузнецкий Мост»;https://www.novikovgroup.ru/contacts/
26;100189;BRO&N;https://www.novikovgroup.ru/contacts/
27;51719;BRO&N Камергерский;https://www.novikovgroup.ru/contacts/
28;16473;BRO&N Малая Бронная;https://www.novikovgroup.ru/contacts/
29;101081;BRO&N Сочи;https://www.novikovgroup.ru/contacts/
30;98587;B&B by Novikov;https://www.novikovgroup.ru/contacts/
31;16472;Cantinetta Antinori;https://www.novikovgroup.ru/contacts/
32;16471;China Club;https://www.novikovgroup.ru/contacts/
33;100190;Cihan Turkish Steak and Kebab;https://www.novikovgroup.ru/contacts/
34;102193;Cihan Turkish Steak and Kebab Новая Рига;https://www.novikovgroup.ru/contacts/
35;16470;Cihan Turkish Steak and Kebab Новый Арбат;https://www.novikovgroup.ru/contacts/
36;94952;Cihan Turkish Steak and Kebab Хамовники;https://www.novikovgroup.ru/contacts/
37;16468;Fumisawa Sushi;https://www.novikovgroup.ru/contacts/
38;16466;IL Solo Pizza & Pasta;https://www.novikovgroup.ru/contacts/
39;101926;Kitana Asia Grill;https://www.novikovgroup.ru/contacts/
40;16465;La Fabbrica;https://www.novikovgroup.ru/contacts/
41;16502;#FARШ;https://www.novikovgroup.ru/contacts/
42;106160;Lali Авиапарк;https://www.novikovgroup.ru/contacts/
43;101997;LALI Адлер;https://www.novikovgroup.ru/contacts/
44;102067;LALI Воронеж;https://www.novikovgroup.ru/contacts/
45;101195;LALI Красная Поляна;https://www.novikovgroup.ru/contacts/
46;100866;LALI Ташкент;https://www.novikovgroup.ru/contacts/
47;16462;Maroon;https://www.novikovgroup.ru/contacts/
48;101357;Maroon Красноярск;https://www.novikovgroup.ru/contacts/
49;98331;Meraki;https://www.novikovgroup.ru/contacts/
50;94648;Medusa Сочи;https://www.novikovgroup.ru/contacts/
51;16517;#FARШ Санкт-Петербург;https://www.novikovgroup.ru/contacts/
52;99563;Miss You;https://www.novikovgroup.ru/contacts/
53;98967;Moró;https://www.novikovgroup.ru/contacts/
54;98759;Mr. Lee;https://www.novikovgroup.ru/contacts/
55;16460;NAMA;https://www.novikovgroup.ru/contacts/
56;1112;Nino;https://www.novikovgroup.ru/contacts/
57;101901;Novikov Abu Dhabi;https://www.novikovgroup.ru/contacts/
58;99937;Novikov Beverly Hills;https://www.novikovgroup.ru/contacts/
59;57297;Novikov Bodrum;https://www.novikovgroup.ru/contacts/
60;102053;Novikov Brasserie;https://www.novikovgroup.ru/contacts/
61;90479;Novikov Cafe Dubai;https://www.novikovgroup.ru/contacts/
62;101899;NOVIKOV CAFÉ MUSCAT;https://www.novikovgroup.ru/contacts/
63;101904;Novikov Cafe Tashkent;https://www.novikovgroup.ru/contacts/
64;16458;Novikov Cafe Баку;https://www.novikovgroup.ru/contacts/
65;16504;NOVIKOV DOHA;https://www.novikovgroup.ru/contacts/
66;57375;Novikov Istanbul;https://www.novikovgroup.ru/contacts/
67;101905;Novikov Limassol;https://www.novikovgroup.ru/contacts/
68;16505;Novikov London;https://www.novikovgroup.ru/contacts/
69;16506;Novikov Miami;https://www.novikovgroup.ru/contacts/
70;16457;Novikov Moscow;https://www.novikovgroup.ru/contacts/
71;16507;NOVIKOV PORTO CERVO;https://www.novikovgroup.ru/contacts/
72;92689;Novikov School Cafe;https://www.novikovgroup.ru/contacts/
73;57627;Onest;https://www.novikovgroup.ru/contacts/
74;102044;Pro.Мидии;https://www.novikovgroup.ru/contacts/
75;100448;PRO.Хинкали Авиапарк;https://www.novikovgroup.ru/contacts/
76;98924;PRO.Хинкали Адлер;https://www.novikovgroup.ru/contacts/
77;102068;PRO.Хинкали Анапа;https://www.novikovgroup.ru/contacts/
78;102188;PRO.Хинкали Астана;https://www.novikovgroup.ru/contacts/
79;102131;PRO.Хинкали Аркадия;https://www.novikovgroup.ru/contacts/
80;100675;PRO.Хинкали Бауманская;https://www.novikovgroup.ru/contacts/
81;101294;PRO.Хинкали Ботаника;https://www.novikovgroup.ru/contacts/
82;101923;PRO.Хинкали Воронеж;https://www.novikovgroup.ru/contacts/
83;105621;PRO.Хинкали Воронеж Пять столиц;https://www.novikovgroup.ru/contacts/
84;104086;PRO.Хинкали Екатеринбург;https://www.novikovgroup.ru/contacts/
85;100445;PRO.Хинкали Краснодар, Тургенева;https://www.novikovgroup.ru/contacts/
86;100688;PRO.Хинкали Краснодар, ТЦ Мюнхен;https://www.novikovgroup.ru/contacts/
87;99511;PRO.Хинкали Крылатское;https://www.novikovgroup.ru/contacts/
88;102136;PRO.Хинкали Метрополис;https://www.novikovgroup.ru/contacts/
89;100191;PRO.Хинкали;https://www.novikovgroup.ru/contacts/
90;100192;PRO.Хинкали;https://www.novikovgroup.ru/contacts/
91;100447;PRO.Хинкали;https://www.novikovgroup.ru/contacts/
92;98756;PRO.Хинкали на Дмитровской;https://www.novikovgroup.ru/contacts/
93;98922;PRO.Хинкали на Павелецкой;https://www.novikovgroup.ru/contacts/
94;101374;PRO.Хинкали Нижний Новгород;https://www.novikovgroup.ru/contacts/
95;100957;PRO.Хинкали Новороссийск;https://www.novikovgroup.ru/contacts/
96;110564;PRO.Хинкали Омск;https://www.novikovgroup.ru/contacts/
97;102738;PRO.Хинкали Павшинская Пойма;https://www.novikovgroup.ru/contacts/
98;100953;PRO.Хинкали Парк Культуры;https://www.novikovgroup.ru/contacts/
99;101936;PRO.Хинкали Переславль-Залесский;https://www.novikovgroup.ru/contacts/
100;100443;PRO.Хинкали Роза Хутор;https://www.novikovgroup.ru/contacts/
101;105606;PRO.Хинкали Ростов-на-Дону Стадионная;https://www.novikovgroup.ru/contacts/
102;110694;PRO.Хинкали Ростов-на-Дону, Новая Провинция;https://www.novikovgroup.ru/contacts/
103;98909;PRO.Хинкали Сочи;https://www.novikovgroup.ru/contacts/
104;102134;PRO.Хинкали Солнцево;https://www.novikovgroup.ru/contacts/
105;101938;PRO.Хинкали Chef's Красногорск Bazaar;https://www.novikovgroup.ru/contacts/
106;100949;PRO.Хинкали Санкт-Петербург, Галерея;https://www.novikovgroup.ru/contacts/
107;99213;PRO.Хинкали Ташкент;https://www.novikovgroup.ru/contacts/
108;105710;PRO.Хинкали Ташкент Шота Руставели;https://www.novikovgroup.ru/contacts/
109;101457;PRO.Хинкали Уфа;https://www.novikovgroup.ru/contacts/
110;100954;PRO.Хинкали Челябинск;https://www.novikovgroup.ru/contacts/
111;99058;PRO.Хинкали Черёмушкинский рынок;https://www.novikovgroup.ru/contacts/
112;16455;Savva;https://www.novikovgroup.ru/contacts/
113;16454;Shiba;https://www.novikovgroup.ru/contacts/
114;16453;Shore House;https://www.novikovgroup.ru/contacts/
115;16451;Sirena;https://www.novikovgroup.ru/contacts/
116;16450;Vodный;https://www.novikovgroup.ru/contacts/
117;16497;Аист;https://www.novikovgroup.ru/contacts/
118;16496;Бараshка на Арбате;https://www.novikovgroup.ru/contacts/
119;16495;Белое солнце пустыни;https://www.novikovgroup.ru/contacts/
120;16494;Веранда у дачи;https://www.novikovgroup.ru/contacts/
121;16493;Ветерок;https://www.novikovgroup.ru/contacts/
122;5681;Кафе Чайковский;https://www.novikovgroup.ru/contacts/
123;100194;Клёво;https://www.novikovgroup.ru/contacts/
124;98566;Клёво Авиапарк;https://www.novikovgroup.ru/contacts/
125;69400;Клёво Краснодар;https://www.novikovgroup.ru/contacts/
126;1111;Клёво Петровка;https://www.novikovgroup.ru/contacts/
127;110113;Клёво Ростов-на-Дону;https://www.novikovgroup.ru/contacts/
128;16490;Клёво Сириус;https://www.novikovgroup.ru/contacts/
129;99929;Клёво Сочи Морской Порт;https://www.novikovgroup.ru/contacts/
130;57288;Клёво Усачёвский;https://www.novikovgroup.ru/contacts/
131;100858;Клёво Южно-Сахалинск;https://www.novikovgroup.ru/contacts/
132;16489;Клёвое Бистро;https://www.novikovgroup.ru/contacts/
133;100195;Колбасный Цех;https://www.novikovgroup.ru/contacts/
134;16488;Колбасный Цех Авиапарк;https://www.novikovgroup.ru/contacts/
135;91400;Колбасный Цех Домодедово;https://www.novikovgroup.ru/contacts/
136;91399;Колбасный Цех Шереметьево;https://www.novikovgroup.ru/contacts/
137;100196;Магадан;https://www.novikovgroup.ru/contacts/
138;51715;Магадан Белая Площадь;https://www.novikovgroup.ru/contacts/
139;95853;Магадан Гостиный Двор;https://www.novikovgroup.ru/contacts/
140;51716;Магадан Красная Пресня;https://www.novikovgroup.ru/contacts/
141;95229;Магадан Краснодар;https://www.novikovgroup.ru/contacts/
142;11867;Магадан Красный Октябрь;https://www.novikovgroup.ru/contacts/
143;16485;Магадан Нижний Новгород;https://www.novikovgroup.ru/contacts/
144;94877;Магадан Новая Москва;https://www.novikovgroup.ru/contacts/
145;101039;Магадан Новосибирск;https://www.novikovgroup.ru/contacts/
146;101948;Магадан Пермь;https://www.novikovgroup.ru/contacts/
147;16484;Магадан Ростов-на-Дону;https://www.novikovgroup.ru/contacts/
148;93533;Магадан Сочи;https://www.novikovgroup.ru/contacts/
149;51717;Магадан Тула;https://www.novikovgroup.ru/contacts/
150;101837;Магадан Уфа;https://www.novikovgroup.ru/contacts/
151;51718;Магадан Шереметьево;https://www.novikovgroup.ru/contacts/
152;98760;Моя Звезда;https://www.novikovgroup.ru/contacts/
153;100530;Недальний Восток;https://www.novikovgroup.ru/contacts/
154;16482;Причал;https://www.novikovgroup.ru/contacts/
155;110290;Птичка by Novikov на Ленина, Новосибирск;https://www.novikovgroup.ru/contacts/
156;100513;Птичка by Novikov Новосибирск;https://www.novikovgroup.ru/contacts/
157;16481;Рыбинск;https://www.novikovgroup.ru/contacts/
158;16480;Рыбы нет;https://www.novikovgroup.ru/contacts/
159;100880;Сорренто Адлер;https://www.novikovgroup.ru/contacts/
160;99030;Pasta Casa 39;https://www.novikovgroup.ru/contacts/
161;101344;Сорренто Анапа;https://www.novikovgroup.ru/contacts/
162;100876;Сорренто Красная Поляна;https://www.novikovgroup.ru/contacts/
163;102061;Сорренто Ташкент;https://www.novikovgroup.ru/contacts/
164;99456;Сорренто Тюмень;https://www.novikovgroup.ru/contacts/
165;102065;Ramen Room Сочи;https://www.novikovgroup.ru/contacts/
166;16479;Спортсмены;https://www.novikovgroup.ru/contacts/
167;100185;Спортсмены;https://www.novikovgroup.ru/contacts/
168;99930;Спортсмены в Раздолье;https://www.novikovgroup.ru/contacts/
169;1231;Страна которой нет;https://www.novikovgroup.ru/contacts/
170;100186;Сыроварня;https://www.novikovgroup.ru/contacts/
171;100197;Сыроварня;https://www.novikovgroup.ru/contacts/
172;100198;Сыроварня;https://www.novikovgroup.ru/contacts/
173;100199;Сыроварня;https://www.novikovgroup.ru/contacts/
174;91401;Сыроварня Авиапарк;https://www.novikovgroup.ru/contacts/
175;101306;Сыроварня Алматы;https://www.novikovgroup.ru/contacts/
176;101327;Сыроварня Алтай;https://www.novikovgroup.ru/contacts/
177;1113;Сыроварня Альметьевск;https://www.novikovgroup.ru/contacts/
178;101299;Сыроварня Анапа;https://www.novikovgroup.ru/contacts/
179;57274;Сыроварня Архангельское Аутлет;https://www.novikovgroup.ru/contacts/
180;101251;Сыроварня Архыз;https://www.novikovgroup.ru/contacts/
181;101237;Сыроварня Астана ЖК The One;https://www.novikovgroup.ru/contacts/
182;101239;Сыроварня Астана Мега;https://www.novikovgroup.ru/contacts/
183;93100;Сыроварня Атриум;https://www.novikovgroup.ru/contacts/
184;16511;Сыроварня Баку;https://www.novikovgroup.ru/contacts/
185;101308;Сыроварня Барнаул;https://www.novikovgroup.ru/contacts/
186;90463;Сыроварня Большая Никитская;https://www.novikovgroup.ru/contacts/
187;98919;Сыроварня ВДНХ;https://www.novikovgroup.ru/contacts/
188;101218;Сыроварня Владивосток;https://www.novikovgroup.ru/contacts/
189;100846;Сыроварня Внуково;https://www.novikovgroup.ru/contacts/
190;100278;Сыроварня Волгоград;https://www.novikovgroup.ru/contacts/
191;16512;Сыроварня Воронеж;https://www.novikovgroup.ru/contacts/
192;101329;Сыроварня Воронеж Солнечный;https://www.novikovgroup.ru/contacts/
193;57330;Сыроварня Геленджик;https://www.novikovgroup.ru/contacts/
194;53712;Сыроварня Депо;https://www.novikovgroup.ru/contacts/
195;101170;Сыроварня Домодедово;https://www.novikovgroup.ru/contacts/
196;101241;Сыроварня Дубай Нахил Молл;https://www.novikovgroup.ru/contacts/
197;101244;Сыроварня Дубай Фестиваль Молл;https://www.novikovgroup.ru/contacts/
198;101214;Сыроварня Душанбе;https://www.novikovgroup.ru/contacts/
199;57376;Сыроварня Екатеринбург;https://www.novikovgroup.ru/contacts/
200;57382;Сыроварня Ереван;https://www.novikovgroup.ru/contacts/
201;99943;Сыроварня Ереван Площадь Республики;https://www.novikovgroup.ru/contacts/
202;91398;Сыроварня Жулебино;https://www.novikovgroup.ru/contacts/
203;101252;Сыроварня Зеленоград;https://www.novikovgroup.ru/contacts/
204;101246;Сыроварня Зиларт;https://www.novikovgroup.ru/contacts/
205;94618;Сыроварня Казань;https://www.novikovgroup.ru/contacts/
206;101309;Сыроварня Кемерово;https://www.novikovgroup.ru/contacts/
207;101334;Сыроварня Коламбус;https://www.novikovgroup.ru/contacts/
208;90676;Сыроварня Красная Поляна;https://www.novikovgroup.ru/contacts/
209;57326;Сыроварня Краснодар;https://www.novikovgroup.ru/contacts/
210;99349;Сыроварня Красноярск;https://www.novikovgroup.ru/contacts/
211;99463;Сыроварня Лайв Арена;https://www.novikovgroup.ru/contacts/
212;91397;Сыроварня Метрополис;https://www.novikovgroup.ru/contacts/
213;99460;Сыроварня Митино;https://www.novikovgroup.ru/contacts/
214;99399;Сыроварня Москва-Сити;https://www.novikovgroup.ru/contacts/
215;53713;Сыроварня Нижний Новгород;https://www.novikovgroup.ru/contacts/
216;101321;Сыроварня Новороссийск;https://www.novikovgroup.ru/contacts/
217;16514;Сыроварня Новосибирск;https://www.novikovgroup.ru/contacts/
218;57279;Сыроварня Океания;https://www.novikovgroup.ru/contacts/
219;57303;Сыроварня Парк Горького;https://www.novikovgroup.ru/contacts/
220;99462;Сыроварня Покровское;https://www.novikovgroup.ru/contacts/
221;16515;Сыроварня Ростов;https://www.novikovgroup.ru/contacts/
222;101325;Сыроварня Самара;https://www.novikovgroup.ru/contacts/
223;16510;Сыроварня Санкт-Петербург;https://www.novikovgroup.ru/contacts/
224;98012;Сыроварня Санкт-Петербург Галерея;https://www.novikovgroup.ru/contacts/
225;101310;Сыроварня Саранск;https://www.novikovgroup.ru/contacts/
226;16516;Сыроварня Сочи Адлер;https://www.novikovgroup.ru/contacts/
227;93267;Сыроварня Сочи Центр;https://www.novikovgroup.ru/contacts/
228;101235;Сыроварня Спартак;https://www.novikovgroup.ru/contacts/
229;90684;Сыроварня Ташкент;https://www.novikovgroup.ru/contacts/
230;101182;Сыроварня Тбилиси;https://www.novikovgroup.ru/contacts/
231;57383;Сыроварня Томск;https://www.novikovgroup.ru/contacts/
232;99024;Сыроварня Три вокзала. Депо;https://www.novikovgroup.ru/contacts/
233;90686;Сыроварня Тюмень;https://www.novikovgroup.ru/contacts/
234;51720;Сыроварня Усачевский;https://www.novikovgroup.ru/contacts/
235;69628;Сыроварня Уфа;https://www.novikovgroup.ru/contacts/
236;57282;Сыроварня Хорошо;https://www.novikovgroup.ru/contacts/
237;53704;Сыроварня Черемушкинский;https://www.novikovgroup.ru/contacts/
238;101311;Сыроварня Шерегеш;https://www.novikovgroup.ru/contacts/
239;110125;Сыроварня Шереметьево;https://www.novikovgroup.ru/contacts/
240;57381;Сыроварня Щелковская;https://www.novikovgroup.ru/contacts/
241;16477;Узбекистан;https://www.novikovgroup.ru/contacts/
242;16476;Царская охота;https://www.novikovgroup.ru/contacts/
243;16445;BOLSHOI;https://www.novikovgroup.ru/contacts/
244;57379;Prime Cafe;https://www.novikovgroup.ru/contacts/
245;111176;321 CLUB Ташкент;https://www.novikovgroup.ru/contacts/
246;110993;Pasta Casa 39 Воронеж;https://www.novikovgroup.ru/contacts/
247;110878;PRO.Хинкали Алматы;https://www.novikovgroup.ru/contacts/
248;110677;Ramen Room;https://www.novikovgroup.ru/contacts/
249;111324;Ramen Room;https://www.novikovgroup.ru/contacts/
250;111114;Ramen Room Краснодар;https://www.novikovgroup.ru/contacts/
251;111139;Ramen Room Москва;https://www.novikovgroup.ru/contacts/
252;110857;Птичка by Novikov, Алтай;https://www.novikovgroup.ru/contacts/
253;102064;Сорренто Минск;https://www.novikovgroup.ru/contacts/
254;102063;Сорренто Новороссийск;https://www.novikovgroup.ru/contacts/
255;110205;Сыроварня Киевская;https://www.novikovgroup.ru/contacts/
256;110728;Сыроварня Челябинск;https://www.novikovgroup.ru/contacts/
257;57380;Вокруг света;https://www.novikovgroup.ru/contacts/
258;57320;Дисконтные карты;https://www.novikovgroup.ru/contacts/
259;53750;Сертификаты;https://www.novikovgroup.ru/contacts/
260;99595;Южанин Краснодар;https://www.novikovgroup.ru/contacts/
261;99548;Южанин Ташкент;https://www.novikovgroup.ru/contacts/
262;HL_ELEM/6;Управляющая компания;https://www.novikovgroup.ru/contacts/
